filename,title,url,equipment,fitness_goal,workout_type,gender,training_level,days_per_week
content__8-week-muscle-building-program-adults-40__4677fe1145.html,8-Week Muscle Building Program for Adults 40+ | Muscle & Strength,https://www.muscleandstrength.com/content/8-week-muscle-building-program-adults-40,fully equipped gym,muscle building,split,both,beginner,4
content__best-forearm-workout-strength-and-size__61ff44e287.html,The Best Forearm Workout for Strength and Size | Muscle & Strength,https://www.muscleandstrength.com/content/best-forearm-workout-strength-and-size,home / small gym,muscle building,single muscle group,both,beginner,2
workouts__10-minute-intense-abs-workout__f4fb483b16.html,10 Minute Intense Abs Workout | Muscle & Strength,https://www.muscleandstrength.com/workouts/10-minute-intense-abs-workout,home / small gym,muscle building,single muscle group,both,beginner,3
workouts__12-week-beginners-training-routine.html__60253f8d82.html,12 Week Full Body Workout Routine for Beginners | Muscle & Strength,https://www.muscleandstrength.com/workouts/12-week-beginners-training-routine.html,fully equipped gym,muscle building,full body,both,beginner,3
workouts__12-week-build-bigger-bench__b816c959f1.html,12 Weeks To A Bigger Bench Press | Muscle & Strength,https://www.muscleandstrength.com/workouts/12-week-build-bigger-bench,fully equipped gym,strength,single muscle group,both,beginner,3
workouts__12-week-fat-destroyer__7559ccac0a.html,12 Week Fat Destroyer: Complete Fat Loss Workout & Diet Program | Muscle & Strength,https://www.muscleandstrength.com/workouts/12-week-fat-destroyer,fully equipped gym,fat loss,full body,both,beginner,4
workouts__12-week-kettlebell-ab-workout__1247988cfe.html,Kettlebell Ab Workout: 12 Week Progression for Increased Core Strength | Muscle & Strength,https://www.muscleandstrength.com/workouts/12-week-kettlebell-ab-workout,home / small gym,strength,single muscle group,both,beginner,3
workouts__15-min-burner__6238f40298.html,The 15 Min Burner: 4 Day Fat Loss Workout Program,https://www.muscleandstrength.com/workouts/15-min-burner,home / small gym,fat loss,split,both,beginner,4
workouts__15-minute-core-conditioning-workout__46ec9adc20.html,15-Minute Core Conditioning Workout You Can Do Anywhere | Muscle & Strength,https://www.muscleandstrength.com/workouts/15-minute-core-conditioning-workout,body weight,general fitness,single muscle group,both,beginner,3
workouts__18-week-chin-up-dip-program-upper-body__25fd555c1c.html,18 Week Chin Up & Dip Program For An Impressive Upper Body | Muscle & Strength,https://www.muscleandstrength.com/workouts/18-week-chin-up-dip-program-upper-body,home / small gym,muscle building,single muscle group,both,beginner,4
workouts__2-day-simple-ab-split-by-steve.html__bb88f85080.html,2 Day Simple A/B Split by Steve | Muscle & Strength,https://www.muscleandstrength.com/workouts/2-day-simple-ab-split-by-steve.html,home / small gym,muscle building,full body,both,beginner,2
workouts__2-week-deload-program__baa27dd5d9.html,2-Week Deload Workout Program | Muscle & Strength,https://www.muscleandstrength.com/workouts/2-week-deload-program,fully equipped gym,general fitness,split,both,beginner,4
workouts__20-minute-hiit-workout__aa14f9ddc2.html,20 Minute HIIT Workout You Can Do Anywhere | Muscle & Strength,https://www.muscleandstrength.com/workouts/20-minute-hiit-workout,body weight,fat loss,full body,both,beginner,2
workouts__27-home-based-ab-workout.html__06f231a1c1.html,Home-Based Ab Workout | Muscle & Strength,https://www.muscleandstrength.com/workouts/27-home-based-ab-workout.html,body weight,muscle building,single muscle group,both,beginner,3
workouts__3-day-PPL-workout-for-beginners__e045c5080d.html,3 Day Push/Pull/Legs (PPL) Workout for Beginners | Muscle & Strength,https://www.muscleandstrength.com/workouts/3-day-PPL-workout-for-beginners,fully equipped gym,strength,split,both,beginner,3
workouts__3-day-at-home-womens-workout__a9f165e578.html,3 Day (At Home) Women's Workout Routine,https://www.muscleandstrength.com/workouts/3-day-at-home-womens-workout,home / small gym,fat loss,full body,women,beginner,3
workouts__3-day-dumbbell-only-workout-for-women__a3425ea293.html,3 Day Full Body Women's Dumbbell Only Workout | Muscle & Strength,https://www.muscleandstrength.com/workouts/3-day-dumbbell-only-workout-for-women,home / small gym,muscle building,full body,women,beginner,3
workouts__3-day-full-body-dumbbell-workout__13d5fcc8fb.html,Dumbbell Only Workout: 3 Day Full Body Dumbbell Workout,https://www.muscleandstrength.com/workouts/3-day-full-body-dumbbell-workout,home / small gym,muscle building,full body,both,beginner,3
workouts__3-day-full-body-kettlebell-workout__8f50c0fafe.html,3 Day Full Body Beginner Kettlebell Workout,https://www.muscleandstrength.com/workouts/3-day-full-body-kettlebell-workout,home / small gym,muscle building,full body,both,beginner,3
workouts__3-day-kettlebell-bodyweight__28f26715f8.html,3 Day Kettlebell and Bodyweight Workout | Muscle & Strength,https://www.muscleandstrength.com/workouts/3-day-kettlebell-bodyweight,home / small gym,fat loss,split,both,beginner,3
workouts__3-week-muscular-back-building__4c9a6ef9b0.html,3 Week Muscular Back Building Rotation | Muscle & Strength,https://www.muscleandstrength.com/workouts/3-week-muscular-back-building,fully equipped gym,muscle building,split,both,beginner,1
workouts__300-rise-new-you-workout-muscular-ripped__e23c217ff8.html,300 Workout: The Rise Of A New You! A Plan To Get Muscular & Ripped | Muscle & Strength,https://www.muscleandstrength.com/workouts/300-rise-new-you-workout-muscular-ripped,home / small gym,general fitness,full body,both,beginner,4
workouts__34-beginner-shoulder-workout.html__1ad9b2f050.html,Beginner Shoulder Workout | Muscle & Strength,https://www.muscleandstrength.com/workouts/34-beginner-shoulder-workout.html,home / small gym,muscle building,single muscle group,both,beginner,1
workouts__35-beginner-chest-workout.html__6b64d69721.html,Beginner Chest Workout | Muscle & Strength,https://www.muscleandstrength.com/workouts/35-beginner-chest-workout.html,fully equipped gym,muscle building,single muscle group,both,beginner,1
workouts__38-beginner-leg-workout.html__eb65fc1ef0.html,Beginner Leg Workout | Muscle & Strength,https://www.muscleandstrength.com/workouts/38-beginner-leg-workout.html,fully equipped gym,muscle building,single muscle group,both,beginner,1
workouts__39-beginner-bicep-workout.html__1eedaa1a7e.html,Beginner Bicep Workout | Muscle & Strength,https://www.muscleandstrength.com/workouts/39-beginner-bicep-workout.html,home / small gym,muscle building,single muscle group,both,beginner,1
workouts__3day-beginners-workout.html__ab604982bd.html,3 Day Muscle Building Workout For Beginners | Muscle & Strength,https://www.muscleandstrength.com/workouts/3day-beginners-workout.html,fully equipped gym,muscle building,split,both,beginner,3
workouts__4-day-at-home-womens-workout__85a875dd02.html,4 Day (At Home) Women's Workout Routine,https://www.muscleandstrength.com/workouts/4-day-at-home-womens-workout,home / small gym,general fitness,full body,women,beginner,4
workouts__4-day-machine-only-workout__f23f6f65f6.html,Machine Only Workout: 4 Day Workout Split,https://www.muscleandstrength.com/workouts/4-day-machine-only-workout,fully equipped gym,muscle building,split,both,beginner,4
workouts__4-week-beginner-core-strength__9845d1c04a.html,4 Week Beginner Core Strength Trainer,https://www.muscleandstrength.com/workouts/4-week-beginner-core-strength,home / small gym,strength,single muscle group,both,beginner,6
workouts__4-week-beginner-kettlebell-workout__da2d374379.html,4 Week Beginner Kettlebell Workout For Muscle Growth,https://www.muscleandstrength.com/workouts/4-week-beginner-kettlebell-workout,home / small gym,muscle building,full body,both,beginner,4
workouts__40-beginner-back-workout.html__8b4af47875.html,Beginner Back Workout | Muscle & Strength,https://www.muscleandstrength.com/workouts/40-beginner-back-workout.html,fully equipped gym,muscle building,single muscle group,both,beginner,1
workouts__41-beginner-forearm-workout.html__1402510604.html,Beginner Forearm Workout | Muscle & Strength,https://www.muscleandstrength.com/workouts/41-beginner-forearm-workout.html,home / small gym,muscle building,single muscle group,both,beginner,1
workouts__42-beginner-ab-workout.html__f74f3e56ef.html,Beginner Ab Workout | Muscle & Strength,https://www.muscleandstrength.com/workouts/42-beginner-ab-workout.html,body weight,muscle building,single muscle group,both,beginner,1
workouts__45-minute-kettlebell-bodyweight-fat-loss-workout__20acd5e348.html,45-Minute Kettlebell and Bodyweight Workout for Fat Loss | Muscle & Strength,https://www.muscleandstrength.com/workouts/45-minute-kettlebell-bodyweight-fat-loss-workout,home / small gym,fat loss,full body,both,beginner,3
workouts__5-day-home-muscle-building-workout__31a83b5607.html,5 Day At Home Muscle Building Workout | Muscle & Strength,https://www.muscleandstrength.com/workouts/5-day-home-muscle-building-workout,home / small gym,muscle building,split,both,beginner,5
workouts__5-day-womens-dumbbell-only-workout__2970e1a7c4.html,5 Day Women’s Dumbbell Only Workout | Muscle & Strength,https://www.muscleandstrength.com/workouts/5-day-womens-dumbbell-only-workout,home / small gym,muscle building,split,women,beginner,5
workouts__5-week-full-body-kettlebell-workout__2b33b33491.html,5 Week Full Body Kettlebell Workout | Muscle & Strength,https://www.muscleandstrength.com/workouts/5-week-full-body-kettlebell-workout,home / small gym,fat loss,full body,both,beginner,5
workouts__6-exercise-home-dumbbell-leg-workout__3f8f1ffdbe.html,6 Exercise Home Dumbbell Workout For Legs | Muscle & Strength,https://www.muscleandstrength.com/workouts/6-exercise-home-dumbbell-leg-workout,home / small gym,muscle building,single muscle group,both,beginner,1
workouts__6-week-arm-builder-workout-plan__60a9651935.html,6 Week Arm Builder Workout Plan | Muscle & Strength,https://www.muscleandstrength.com/workouts/6-week-arm-builder-workout-plan,fully equipped gym,muscle building,single muscle group,both,beginner,2
workouts__6-week-bodyweight-only-workout__95f67cf51a.html,Body Blaster: Full Body Fat Loss Workout (No Equipment Necessary) | Muscle & Strength,https://www.muscleandstrength.com/workouts/6-week-bodyweight-only-workout,body weight,fat loss,full body,both,beginner,3
workouts__6-week-lean-bulk__55094a144a.html,6-Week Lean Bulk Workout Program for Women | Muscle & Strength,https://www.muscleandstrength.com/workouts/6-week-lean-bulk,fully equipped gym,muscle building,split,women,beginner,5
workouts__6-week-summer-workout-challenge__b9045d0556.html,6 Week Summer Workout Challenge | Muscle & Strength,https://www.muscleandstrength.com/workouts/6-week-summer-workout-challenge,home / small gym,fat loss,split,both,beginner,6
workouts__6-week-womens-strength-and-conditioning__5d935bef21.html,6-Week Women’s Full Body Strength and Conditioning Workout | Muscle & Strength,https://www.muscleandstrength.com/workouts/6-week-womens-strength-and-conditioning,home / small gym,strength,full body,women,beginner,3
workouts__8-week-bicep-tricep-builder__d259d319bf.html,Awesome Arms: 8 Weeks to Better Biceps and Triceps | Muscle & Strength,https://www.muscleandstrength.com/workouts/8-week-bicep-tricep-builder,fully equipped gym,muscle building,single muscle group,both,beginner,1
workouts__8-week-fat-loss-program-adults-40__cfd3d9edf5.html,8-Week Fat Loss Program for Adults 40+ | Muscle & Strength,https://www.muscleandstrength.com/workouts/8-week-fat-loss-program-adults-40,fully equipped gym,fat loss,full body,both,beginner,3
workouts__8-week-full-body-womens-workout-routine__191d496b79.html,8 Week Full Body Workout Routine for Women,https://www.muscleandstrength.com/workouts/8-week-full-body-womens-workout-routine,fully equipped gym,muscle building,full body,women,beginner,3
workouts__8-week-mass-building-workout-for-beginners__f4835a234f.html,8 Week Mass Building Workout for Beginners | Muscle & Strength,https://www.muscleandstrength.com/workouts/8-week-mass-building-workout-for-beginners,fully equipped gym,muscle building,split,both,beginner,4
workouts__8-week-novice-quick-start-workout-plan__e8f591226c.html,8 Week Novice Quick Start Workout Plan | Muscle & Strength,https://www.muscleandstrength.com/workouts/8-week-novice-quick-start-workout-plan,fully equipped gym,muscle building,full body,men,beginner,3
workouts__8-week-super-strength-workout__6ef10ea81e.html,Super Strength: 8 Week Strength Building Workout for Beginners | Muscle & Strength,https://www.muscleandstrength.com/workouts/8-week-super-strength-workout,fully equipped gym,strength,split,both,beginner,5
workouts__8-week-womens-beginner-fat-loss-workout__216790d6ad.html,8 Week Beginner Fat Loss Workout for Women | Muscle & Strength,https://www.muscleandstrength.com/workouts/8-week-womens-beginner-fat-loss-workout,fully equipped gym,fat loss,split,women,beginner,4
workouts__8-week-womens-workout-routine__b4cefa79d3.html,Women’s Workout Routine: 8 Week Sample Workout for Women,https://www.muscleandstrength.com/workouts/8-week-womens-workout-routine,fully equipped gym,muscle building,split,women,beginner,4
workouts__9-week-progressive-bodyweight-workout__d345ad8c28.html,9 Week Bodyweight Workout For Strength & Muscle Gains | Muscle & Strength,https://www.muscleandstrength.com/workouts/9-week-progressive-bodyweight-workout,home / small gym,general fitness,full body,both,beginner,3
workouts__a-b-2-day-workout-for-busy-people__05b9a5508d.html,A/B 2 Day Workout Routine for Busy People,https://www.muscleandstrength.com/workouts/a-b-2-day-workout-for-busy-people,fully equipped gym,muscle building,full body,both,beginner,2
workouts__abs-workout-women-8-weeks-flatter-stomach__e7a61ed183.html,Abs Workout For Women: 8 Weeks To A Flatter Stomach | Muscle & Strength,https://www.muscleandstrength.com/workouts/abs-workout-women-8-weeks-flatter-stomach,home / small gym,fat loss,single muscle group,women,beginner,2
workouts__at-home-glute-building-program__dee9f5961c.html,4-Day At-Home Glute Building Workout | Muscle & Strength,https://www.muscleandstrength.com/workouts/at-home-glute-building-program,home / small gym,muscle building,split,both,beginner,4
workouts__back-shoulder-workout-routine-women__684519cd02.html,Back And Shoulder Workout Routine For Women | Muscle & Strength,https://www.muscleandstrength.com/workouts/back-shoulder-workout-routine-women,home / small gym,muscle building,single muscle group,women,beginner,2
workouts__backyard-bodyweight-workout__d03ea824a0.html,Backyard Bodyweight Workout For Women: Take It Out Back | Muscle & Strength,https://www.muscleandstrength.com/workouts/backyard-bodyweight-workout,body weight,general fitness,full body,women,beginner,3
workouts__band-barbell-workout__0d9c70f6ff.html,8 Week Barbell and Resistance Band Muscle Building Workout | Muscle & Strength,https://www.muscleandstrength.com/workouts/band-barbell-workout,home / small gym,muscle building,split,both,beginner,3
workouts__band-only-muscle-building-workout__68c3acece1.html,Band Only Muscle Building Workout | Muscle & Strength,https://www.muscleandstrength.com/workouts/band-only-muscle-building-workout,home / small gym,muscle building,split,both,beginner,3
workouts__barbell-hack-squats-workouts-quads__dcde790d96.html,Barbell Hack Squat Workouts For Bigger Quads | Muscle & Strength,https://www.muscleandstrength.com/workouts/barbell-hack-squats-workouts-quads,fully equipped gym,muscle building,single muscle group,both,beginner,2
workouts__beginner-fat-loss-workout__c7c3560760.html,8 Week Fat Loss Workout for Beginners | Muscle & Strength,https://www.muscleandstrength.com/workouts/beginner-fat-loss-workout,fully equipped gym,fat loss,split,both,beginner,4
workouts__bench-most-dayz__68413a50d5.html,Bench Most Dayz: Increase Bench Press Workout,https://www.muscleandstrength.com/workouts/bench-most-dayz,home / small gym,strength,single muscle group,both,beginner,4
workouts__best-full-body-workout-routine-for-women__84bd2db6b4.html,The Best Full Body Workout Routine for Women,https://www.muscleandstrength.com/workouts/best-full-body-workout-routine-for-women,fully equipped gym,fat loss,full body,women,beginner,4
workouts__best-muscle-building-workouts-for-natural-bodybuilders__e25e34ce79.html,The Best Muscle Building Workout for Natural Bodybuilders,https://www.muscleandstrength.com/workouts/best-muscle-building-workouts-for-natural-bodybuilders,fully equipped gym,muscle building,split,both,beginner,6
workouts__big-arms-fast-4-week-specialization-workout__da8a1546b1.html,Big Arms Fast: 4 Week Specialization Workout | Muscle & Strength,https://www.muscleandstrength.com/workouts/big-arms-fast-4-week-specialization-workout,fully equipped gym,muscle building,split,both,beginner,2
workouts__bikini-ready-8-week-womens-workout__5d38297dca.html,Bikini Ready Workout: 8 Week Workout for Women,https://www.muscleandstrength.com/workouts/bikini-ready-8-week-womens-workout,fully equipped gym,fat loss,split,women,beginner,7
workouts__body-god-complete-bodyweight-muscle-building-plan__884d194b60.html,Body Like A God: A Complete Bodyweight Muscle Building Plan | Muscle & Strength,https://www.muscleandstrength.com/workouts/body-god-complete-bodyweight-muscle-building-plan,body weight,muscle building,full body,both,beginner,4
workouts__bodyweight-basics-3-day-workout__a2dff5065a.html,Bodyweight Basics: 3 Day Bodyweight Workout Plan,https://www.muscleandstrength.com/workouts/bodyweight-basics-3-day-workout,body weight,general fitness,split,both,beginner,3
workouts__boost-your-bench-press__5faa636e24.html,Boost Your Bench Press: The Ultimate Workout Plan to Increase Strength and Power | Muscle & Strength,https://www.muscleandstrength.com/workouts/boost-your-bench-press,fully equipped gym,strength,full body,both,beginner,4
workouts__build-muscle-bodyweight-workout-routine-circuit__f7affd987a.html,Build Muscle With This Bodyweight Workout Routine Circuit | Muscle & Strength,https://www.muscleandstrength.com/workouts/build-muscle-bodyweight-workout-routine-circuit,body weight,general fitness,full body,both,beginner,3
workouts__build-without-the-bulk__224396dd2d.html,Build Without the Bulk: 6 Week Muscle Building Workout for Women | Muscle & Strength,https://www.muscleandstrength.com/workouts/build-without-the-bulk,fully equipped gym,muscle building,split,women,beginner,7
workouts__building-the-beginner__682769cd73.html,Building The Beginner: Foundation for Muscle & Strength,https://www.muscleandstrength.com/workouts/building-the-beginner,fully equipped gym,muscle building,split,both,beginner,5
workouts__butt-gear-3-day-glute-workout__b2f94f6b51.html,Get Your Butt In Gear: 3 Day Glute Workout | Muscle & Strength,https://www.muscleandstrength.com/workouts/butt-gear-3-day-glute-workout,home / small gym,muscle building,single muscle group,both,beginner,3
workouts__charles-glass-beginners-essentials-bodybuilding-workout__30b528f667.html,Charles Glass's Beginner's Essentials Bodybuilding Workout,https://www.muscleandstrength.com/workouts/charles-glass-beginners-essentials-bodybuilding-workout,fully equipped gym,fat loss,split,both,beginner,5
workouts__circuit-style-trainer-women__06a6216b1d.html,The Circuit Style Trainer for Women | Muscle & Strength,,fully equipped gym,general fitness,full body,women,beginner,2
workouts__combo-fat-burner-workout__ea07335979.html,MusclePharm Combo Arm Blasting Workout | Muscle & Strength,https://www.muscleandstrength.com/workouts/combo-fat-burner-workout,fully equipped gym,fat loss,split,both,beginner,1
workouts__concrete-core-workouts__c686dc2c75.html,Concrete Core: 4 Core Workouts for Stronger Abs,https://www.muscleandstrength.com/workouts/concrete-core-workouts,home / small gym,strength,single muscle group,both,beginner,4
workouts__conditioning-comeback-8-week-conditioning-workout__eb3f65ea63.html,The Conditioning Comeback: 8 Week Total Body Fitness Workout | Muscle & Strength,https://www.muscleandstrength.com/workouts/conditioning-comeback-8-week-conditioning-workout,home / small gym,general fitness,split,both,beginner,3
workouts__conditioning-workout-for-women.html__59a743f42f.html,Whole Body Conditioning Workout For Women | Muscle & Strength,https://www.muscleandstrength.com/workouts/conditioning-workout-for-women.html,fully equipped gym,muscle building,full body,both,beginner,7
workouts__conjugate-system-beginner-powerlifting-workout-phase-1__795eece779.html,The Conjugate System: Phase 1 of the Beginner Powerlifting Workout,https://www.muscleandstrength.com/workouts/conjugate-system-beginner-powerlifting-workout-phase-1,fully equipped gym,strength,split,both,beginner,4
workouts__core-destroyer-8-week-home-ab-workout__ca387e73aa.html,Core Destroyer: 8 Week At Home Ab Workout | Muscle & Strength,https://www.muscleandstrength.com/workouts/core-destroyer-8-week-home-ab-workout,home / small gym,muscle building,single muscle group,both,beginner,2
workouts__core-strength-road-map__c485888fda.html,Core Strength Road Map: 4 Weeks to a Shredded & Strong Core,https://www.muscleandstrength.com/workouts/core-strength-road-map,fully equipped gym,strength,single muscle group,both,beginner,3
workouts__core-strength-rotational-anti-rotational-movements__1dcdb472aa.html,Core Strength Road Map: Mastering Rotation and Stability,https://www.muscleandstrength.com/workouts/core-strength-rotational-anti-rotational-movements,home / small gym,muscle building,single muscle group,both,beginner,1
workouts__core-training-workout-exercises-strength__d3e73cf521.html,Core Training Workout: 5 Exercises To Build Core Strength | Muscle & Strength,https://www.muscleandstrength.com/workouts/core-training-workout-exercises-strength,fully equipped gym,general fitness,single muscle group,both,beginner,2
workouts__cory-gregory-brick-soup-abs-routine__6c91e6c74a.html,"Cory Gregory's ""Make Your Own Brick Soup"" Ab Workout",https://www.muscleandstrength.com/workouts/cory-gregory-brick-soup-abs-routine,home / small gym,muscle building,single muscle group,both,beginner,4
workouts__dumbbar-supersets__dc746686b2.html,DumbBar Workout: Make Killer Gains With Dumbbell & Barbell Supersets,https://www.muscleandstrength.com/workouts/dumbbar-supersets,home / small gym,muscle building,split,both,beginner,6
workouts__dumbbell-bodyweight-chest-workout__09bec268e8.html,3 Dumbbell and Bodyweight Chest Workouts (No Bench Needed!) | Muscle & Strength,https://www.muscleandstrength.com/workouts/dumbbell-bodyweight-chest-workout,home / small gym,muscle building,single muscle group,both,beginner,2
workouts__dumbbell-bodyweight-circuit-workout-women__75c00d28f1.html,Dumbbell And Bodyweight Circuit Workout For Women | Muscle & Strength,https://www.muscleandstrength.com/workouts/dumbbell-bodyweight-circuit-workout-women,home / small gym,general fitness,full body,women,beginner,1
workouts__dumbbell-only-home-or-gym-fullbody-workout.html__4e03804504.html,Dumbbell Only Home Or Gym Full Body Workout | Muscle & Strength,https://www.muscleandstrength.com/workouts/dumbbell-only-home-or-gym-fullbody-workout.html,home / small gym,muscle building,full body,men,beginner,3
workouts__dumbbell-only-upper-lower-workout-routine__534edde18b.html,4 Day Dumbbell Only Upper/Lower Workout Routine,https://www.muscleandstrength.com/workouts/dumbbell-only-upper-lower-workout-routine,home / small gym,muscle building,split,both,beginner,4
workouts__fast-start-3-day-kettlebell-workout-women__87e0900992.html,Fast Start 3 Day Home Kettlebell Workout For Women | Muscle & Strength,https://www.muscleandstrength.com/workouts/fast-start-3-day-kettlebell-workout-women,home / small gym,general fitness,full body,women,beginner,3
workouts__frankoman-dumbbell-only-split.html__18cad00902.html,Frankoman's Dumbbell Only Split | Muscle & Strength,https://www.muscleandstrength.com/workouts/frankoman-dumbbell-only-split.html,home / small gym,muscle building,split,both,beginner,3
workouts__full-body-bodyweight-workout.html__c174122661.html,Full Body Bodyweight Workout | Muscle & Strength,https://www.muscleandstrength.com/workouts/full-body-bodyweight-workout.html,body weight,muscle building,full body,both,beginner,1
workouts__full-body-kettlebell-circuit-workout__9426a51456.html,Full Body Kettlebell at Home (or Anywhere) Circuit Workout | Muscle & Strength,https://www.muscleandstrength.com/workouts/full-body-kettlebell-circuit-workout,home / small gym,general fitness,full body,both,beginner,3
workouts__full-body-smith-machine-workout__2d3fc9cd22.html,3 Day Smith Machine Only Workout for Women | Muscle & Strength,https://www.muscleandstrength.com/workouts/full-body-smith-machine-workout,fully equipped gym,muscle building,full body,women,beginner,3
workouts__get-ripped-supersets-giant-sets__3ed7fa7587.html,Get Ripped With Supersets & Giant Sets | Muscle & Strength,https://www.muscleandstrength.com/workouts/get-ripped-supersets-giant-sets,fully equipped gym,fat loss,split,men,beginner,4
workouts__get-swole-5-phase-muscle-building-workout__e286066922.html,Get Swole: 5 Phase Muscle Building Workout System | Muscle & Strength,https://www.muscleandstrength.com/workouts/get-swole-5-phase-muscle-building-workout,fully equipped gym,muscle building,split,men,beginner,4
workouts__hit-workout-high-intensity-training-routine__f2b9b6d34f.html,HIT Workout - Build Muscle With This High Intensity Training Routine | Muscle & Strength,https://www.muscleandstrength.com/workouts/hit-workout-high-intensity-training-routine,fully equipped gym,muscle building,full body,both,beginner,3
workouts__home-gym-barbell-workout-routine__e4f9e5d1f5.html,Home Or Gym Barbell Workout Routine | Muscle & Strength,https://www.muscleandstrength.com/workouts/home-gym-barbell-workout-routine,home / small gym,muscle building,split,both,beginner,4
workouts__jai-courtney-workout-terminator-genisys__2a2bee8328.html,Jai Courtney Workout: How Jai Got Swole for Terminator: Genisys,https://www.muscleandstrength.com/workouts/jai-courtney-workout-terminator-genisys,home / small gym,fat loss,full body,men,beginner,4
workouts__jason-blaha-ice-cream-fitness-5x5-novice-workout__278860e4fc.html,Jason Blaha's Ice Cream Fitness 5x5 Novice Program,https://www.muscleandstrength.com/workouts/jason-blaha-ice-cream-fitness-5x5-novice-workout,fully equipped gym,strength,full body,both,beginner,3
workouts__jen-jewell-summer-countdown__6e8e81050f.html,Summer Countdown Workout: Burn Fat & Build A Bikini Booty,https://www.muscleandstrength.com/workouts/jen-jewell-summer-countdown,home / small gym,fat loss,full body,women,beginner,4
workouts__kettlebell-dumbbell-hiit-workout__a6c6762b2c.html,"No Kettlebell, No Problem - Dumbbell HIIT Workout | Muscle & Strength",https://www.muscleandstrength.com/workouts/kettlebell-dumbbell-hiit-workout,home / small gym,fat loss,full body,both,beginner,2
workouts__king-calisthenics-workout-lean-muscle__0f1a2e81e9.html,King of Calisthenics Workout: Lean Muscle Without Equipment | Muscle & Strength,https://www.muscleandstrength.com/workouts/king-calisthenics-workout-lean-muscle,body weight,muscle building,full body,both,beginner,3
workouts__limited-equipment-home-workout__db8a7c4a4b.html,5 Day Minimal Equipment Home Workout Routine | Muscle & Strength,https://www.muscleandstrength.com/workouts/limited-equipment-home-workout,home / small gym,fat loss,split,both,beginner,5
workouts__low-rep-arm-shoulder-workout__7488f42459.html,Low Rep Arm And Shoulder Workout By MusclePharm | Muscle & Strength,https://www.muscleandstrength.com/workouts/low-rep-arm-shoulder-workout,home / small gym,muscle building,split,both,beginner,1
workouts__lower-body-blast-circuit-workout__41da8f19c7.html,Intense Lower Body Blast Circuit Workout | Muscle & Strength,https://www.muscleandstrength.com/workouts/lower-body-blast-circuit-workout,body weight,general fitness,split,women,beginner,1
workouts__machines-only-3-day-split__0e079c7269.html,Machine Only Workout: A 3 Day Workout Split,https://www.muscleandstrength.com/workouts/machines-only-3-day-split,fully equipped gym,muscle building,split,both,beginner,3
workouts__max-fat-burning-workouts__468998a890.html,3 Fat Blasting Workouts for Maximum Fat Loss | Muscle & Strength,https://www.muscleandstrength.com/workouts/max-fat-burning-workouts,fully equipped gym,fat loss,full body,both,beginner,2
workouts__morning-workout-muscle-mass__f80ab9dd44.html,Best Morning Workout For Building Muscle Mass,https://www.muscleandstrength.com/workouts/morning-workout-muscle-mass,fully equipped gym,muscle building,full body,both,beginner,4
workouts__mountain-dog-ppl-workout__315ac84310.html,"Mountain Dog PPL: Push, Pull, Legs Workout Routine w/ John Meadows",https://www.muscleandstrength.com/workouts/mountain-dog-ppl-workout,fully equipped gym,muscle building,split,both,beginner,3
workouts__muscle-and-strength-30-day-womens-workout__198c62eab0.html,Muscle & Strength's 30 Day Workout Plan For Women,https://www.muscleandstrength.com/workouts/muscle-and-strength-30-day-womens-workout,home / small gym,muscle building,full body,women,beginner,6
workouts__muscle-and-strength-womens-workout__d90ef26422.html,Muscle & Strength’s Women's Trainer: 12 Week Women’s Workout Program,https://www.muscleandstrength.com/workouts/muscle-and-strength-womens-workout,fully equipped gym,fat loss,split,women,beginner,5
workouts__muscle-strength-full-body-workout-routine__31cf84565d.html,Muscle & Strength Full Body Workout Routine | Muscle & Strength,https://www.muscleandstrength.com/workouts/muscle-strength-full-body-workout-routine,home / small gym,muscle building,full body,both,beginner,3
workouts__myers-glute-workout__74637a0ed3.html,Build the Best Glutes in Your Gym with These 3 Workouts,https://www.muscleandstrength.com/workouts/myers-glute-workout,fully equipped gym,fat loss,split,both,beginner,3
workouts__phase-training-pt-1-primer-workout__3dda86c83c.html,Phase Training Pt.1: 5 Week Primer Workout for Muscle Size,https://www.muscleandstrength.com/workouts/phase-training-pt-1-primer-workout,fully equipped gym,muscle building,split,men,beginner,3
workouts__playground-workouts__c4aae1ce4f.html,Playground Workouts: Having Fun While Building the Body You Want,https://www.muscleandstrength.com/workouts/playground-workouts,body weight,fat loss,split,both,beginner,3
workouts__recommit-to-fit-2-week-plan__847f351567.html,2-Week Workout Plan to Jumpstart Your Return to the Gym | Muscle & Strength,https://www.muscleandstrength.com/workouts/recommit-to-fit-2-week-plan,fully equipped gym,general fitness,full body,both,beginner,4
workouts__rippetoe-wichita-falls-novice-program.html__0161f632fc.html,Rippetoe Wichita Falls Novice Program | Muscle & Strength,https://www.muscleandstrength.com/workouts/rippetoe-wichita-falls-novice-program.html,home / small gym,strength,full body,both,beginner,3
workouts__shredded-21-day-fat-loss__f32d118c33.html,Get Shredded For The New Year: 21-Day Fat Loss Workout,https://www.muscleandstrength.com/workouts/shredded-21-day-fat-loss,fully equipped gym,fat loss,full body,both,beginner,7
workouts__single-pair-dumbbell-bodyweight-workout__b73419662b.html,4 Day Dumbbell and Bodyweight Fat Loss Workout | Muscle & Strength,https://www.muscleandstrength.com/workouts/single-pair-dumbbell-bodyweight-workout,body weight,fat loss,split,both,beginner,4
workouts__spring-fat-melter__834dbbf28b.html,Spring Fat Melter: 6 Week Fat Loss Workout | Muscle & Strength,https://www.muscleandstrength.com/workouts/spring-fat-melter,fully equipped gym,fat loss,split,both,beginner,3
workouts__spring-shred-starter-workout__1e132ca819.html,Spring Shred Starter Workout: Full Body Workouts + Cardio,https://www.muscleandstrength.com/workouts/spring-shred-starter-workout,fully equipped gym,fat loss,full body,both,beginner,3
workouts__steves-titanic-tricep-builder-workout.html__f7adc80318.html,Steve's Titanic Tricep Builder Workout | Muscle & Strength,https://www.muscleandstrength.com/workouts/steves-titanic-tricep-builder-workout.html,home / small gym,muscle building,single muscle group,both,beginner,1
workouts__strength-bulk-beginner-workout-linear-progression__f5e2cb48d2.html,Strength And Bulk Beginner Workout - Linear Progression | Muscle & Strength,https://www.muscleandstrength.com/workouts/strength-bulk-beginner-workout-linear-progression,home / small gym,strength,full body,men,beginner,3
workouts__stronger-together-parent-teen-workout__65bbcbd6cd.html,Stronger Together: 8-Week Parent & Teen Workout Program | Muscle & Strength,https://www.muscleandstrength.com/workouts/stronger-together-parent-teen-workout,fully equipped gym,muscle building,split,both,beginner,4
workouts__summer-shape-up-womens-home-workout__5b349bf599.html,Summer Shape Up at Home: Women's 6 Week Fat-Burning Workout | Muscle & Strength,https://www.muscleandstrength.com/workouts/summer-shape-up-womens-home-workout,home / small gym,fat loss,split,women,beginner,5
workouts__the-butt-builder.html__f2cc4ae84d.html,The Butt Builder Workout: Women's Workout For Bigger Glutes | Muscle & Strength,https://www.muscleandstrength.com/workouts/the-butt-builder.html,fully equipped gym,muscle building,single muscle group,both,beginner,1
workouts__the-complete-squat-program__d06cda630d.html,The Complete Squat Program: Build Strength & Muscle in 8 Weeks | Muscle & Strength,https://www.muscleandstrength.com/workouts/the-complete-squat-program,fully equipped gym,strength,split,both,beginner,4
workouts__three-30-minute-fat-burning-workouts__f4ed7ed804.html,Three 30 Minute Fat Burning Weekly Workouts,https://www.muscleandstrength.com/workouts/three-30-minute-fat-burning-workouts,fully equipped gym,fat loss,full body,both,beginner,3
workouts__three-muscle-toning-arms-workouts-women__6f84432a18.html,Three Muscle Toning Arm Workouts For Women | Muscle & Strength,https://www.muscleandstrength.com/workouts/three-muscle-toning-arms-workouts-women,fully equipped gym,muscle building,single muscle group,women,beginner,1
workouts__total-body-torcher__38caf7ae00.html,Total Body Torcher: 8 Week Full Body Fat Loss Workout | Muscle & Strength,https://www.muscleandstrength.com/workouts/total-body-torcher,home / small gym,fat loss,full body,both,beginner,3
workouts__upper-lower-4-day-gym-bodybuilding-workout__8b62950430.html,Upper/Lower 4 Day Bodybuilding Workout | Muscle & Strength,https://www.muscleandstrength.com/workouts/upper-lower-4-day-gym-bodybuilding-workout,fully equipped gym,muscle building,split,both,beginner,4
workouts__upper-lower-bodyweight-split__d21f791d31.html,4 Day Upper/Lower Bodyweight Split Workout | Muscle & Strength,https://www.muscleandstrength.com/workouts/upper-lower-bodyweight-split,home / small gym,general fitness,split,both,beginner,4
workouts__upper-lower-kettlebell-workout__235698a304.html,Upper/Lower (At Home) Kettlebell Workout,https://www.muscleandstrength.com/workouts/upper-lower-kettlebell-workout,home / small gym,muscle building,split,both,beginner,4
workouts__upper-lower-womens-dumbbell-only-workout__c34534ef45.html,4 Day Upper/Lower Women's Dumbbell Only Workout | Muscle & Strength,https://www.muscleandstrength.com/workouts/upper-lower-womens-dumbbell-only-workout,home / small gym,muscle building,split,women,beginner,4
workouts__women-over-40__7141a7421a.html,10-Week Lean & Strong Program for Women 40+ | Muscle & Strength,https://www.muscleandstrength.com/workouts/women-over-40,fully equipped gym,muscle building,split,women,beginner,4
workouts__womens-fitness-trainer-6-week-strength-workout__2fcec88f33.html,Women’s Fitness Trainer: 6 Week Women's Workout for Strength,https://www.muscleandstrength.com/workouts/womens-fitness-trainer-6-week-strength-workout,fully equipped gym,strength,full body,women,beginner,3
