id,title,category,equipment,fitness_goal,workout_type,gender,training_level,days_per_week,program_duration_weeks,time_per_workout,author,num_sections,num_exercises,has_video,has_pdf,url
8-week-muscle-building-program-adults-40,8-Week Muscle Building Program for Adults 40+,program,fully equipped gym,muscle building,split,both,beginner,4,8,60-90 minutes,"Roger \u201cRock\u201d Lockridge, Senior Writer",4,30,False,True,https://www.muscleandstrength.com/content/8-week-muscle-building-program-adults-40
best-forearm-workout-strength-and-size,The Best Forearm Workout for Strength and Size,focused,home / small gym,muscle building,single muscle group,both,beginner,2,8,20 minutes,"Roger \u201cRock\u201d Lockridge, Senior Writer",1,3,False,True,https://www.muscleandstrength.com/content/best-forearm-workout-strength-and-size
10-minute-intense-abs-workout,10 Minute Intense Abs Workout,focused,home / small gym,muscle building,single muscle group,both,beginner,3,8,10 minutes,Max Riley,1,6,False,True,https://www.muscleandstrength.com/workouts/10-minute-intense-abs-workout
10-week-fat-torcher,10 Week Fat Torcher: Fat Burning Program,program,fully equipped gym,fat loss,split,both,intermediate,7,10,60-90 minutes,Josh England,7,49,False,True,https://www.muscleandstrength.com/workouts/10-week-fat-torcher
10-week-mass-building-program,10 Week Mass Building Program,program,fully equipped gym,muscle building,split,men,advanced,4,10,50 minutes,M&S Writers,4,30,False,True,https://www.muscleandstrength.com/workouts/10-week-mass-building-program.html
10-week-upper-lower-workout-for-women,10 Week Upper/Lower Workout Program for Women,program,fully equipped gym,muscle building,split,women,intermediate,4,10,60-90 minutes,Josh England,4,23,False,True,https://www.muscleandstrength.com/workouts/10-week-upper-lower-workout-for-women
12-week-ab-workout-for-ab-definition-and-core-strength,12 Week Ab Workout for Ab Definition & Core Strength,focused,fully equipped gym,muscle building,single muscle group,both,intermediate,4,12,10-20 minutes,Josh England,2,10,False,True,https://www.muscleandstrength.com/workouts/12-week-ab-workout-for-ab-definition-and-core-strength
12-week-beginners-training-routine,12 Week Full Body Workout Routine for Beginners,program,fully equipped gym,muscle building,full body,both,beginner,3,12,30-45 minutes,Doug Lawrenson,4,41,False,True,https://www.muscleandstrength.com/workouts/12-week-beginners-training-routine.html
12-week-build-bigger-bench,12 Weeks To A Bigger Bench Press,focused,fully equipped gym,strength,single muscle group,both,beginner,3,12,45-60 minutes,Jonathan Byrd,3,9,False,True,https://www.muscleandstrength.com/workouts/12-week-build-bigger-bench
12-week-fat-annihilation-workout,12 Week Total Fat Annihilation Workout Plan,program,fully equipped gym,fat loss,split,both,advanced,4,12,45-70 minutes,Josh England,4,45,False,True,https://www.muscleandstrength.com/workouts/12-week-fat-annihilation-workout
12-week-fat-destroyer,12 Week Fat Destroyer: Complete Fat Loss Workout & Diet Program,program,fully equipped gym,fat loss,full body,both,beginner,4,12,30-45 minutes,Max Riley,4,24,False,True,https://www.muscleandstrength.com/workouts/12-week-fat-destroyer
12-week-kettlebell-ab-workout,Kettlebell Ab Workout: 12 Week Progression for Increased Core Strength,focused,home / small gym,strength,single muscle group,both,beginner,3,12,30-45 minutes,"Roger \u201cRock\u201d Lockridge, Senior Writer",1,4,False,True,https://www.muscleandstrength.com/workouts/12-week-kettlebell-ab-workout
12-week-push-pull-legs-for-women,"12 Week Push, Pull, Legs Workout for Women",program,fully equipped gym,muscle building,split,women,intermediate,6,12,45-75 minutes,Josh England,6,40,False,True,https://www.muscleandstrength.com/workouts/12-week-push-pull-legs-for-women
12-week-womens-bikini-prep-workout,12 Week Women's Bikini Prep Workout Program,program,fully equipped gym,fat loss,split,women,intermediate,5,12,30-90 minutes,Traisha Martin,4,22,False,True,https://www.muscleandstrength.com/workouts/12-week-womens-bikini-prep-workout
15-min-burner,The 15 Min Burner: 4 Day Fat Loss Workout Program,full_workout,home / small gym,fat loss,split,both,beginner,4,12,15 minutes,M&S Team,4,16,False,True,https://www.muscleandstrength.com/workouts/15-min-burner
15-minute-core-conditioning-workout,15-Minute Core Conditioning Workout You Can Do Anywhere,focused,body weight,general fitness,single muscle group,both,beginner,3,8,15 minutes,"Roger \u201cRock\u201d Lockridge, Senior Writer",1,5,False,True,https://www.muscleandstrength.com/workouts/15-minute-core-conditioning-workout
15-minute-total-body-beatdown,The 15 Minute Total Body Beatdown,full_workout,home / small gym,muscle building,full body,both,intermediate,1,,,"Coach Dustin Myers, CSCS",2,7,True,False,https://www.muscleandstrength.com/workouts/15-minute-total-body-beatdown
18-week-bench-press-peaking-cycle,18 Week Bench Press Peaking Cycle,focused,fully equipped gym,strength,single muscle group,both,intermediate,1,18,60-75 minutes,Steve Shaw,1,5,False,True,https://www.muscleandstrength.com/workouts/18-week-bench-press-peaking-cycle
18-week-chin-up-dip-program-upper-body,18 Week Chin Up & Dip Program For An Impressive Upper Body,focused,home / small gym,muscle building,single muscle group,both,beginner,4,18,75-90 minutes,Fitman,1,6,False,False,https://www.muscleandstrength.com/workouts/18-week-chin-up-dip-program-upper-body
2-day-intense-workout,2 Day Intense Fat Loss & Muscle Tone Workout,full_workout,fully equipped gym,fat loss,full body,both,intermediate,2,4,60-75 minutes,M&S Writers,2,47,False,True,https://www.muscleandstrength.com/workouts/2-day-intense-workout.html
2-day-simple-ab-split-by-steve,2 Day Simple A/B Split by Steve,full_workout,home / small gym,muscle building,full body,both,beginner,2,8,30-45 minutes,Steve Shaw,2,10,False,True,https://www.muscleandstrength.com/workouts/2-day-simple-ab-split-by-steve.html
2-week-deload-program,2-Week Deload Workout Program,program,fully equipped gym,general fitness,split,both,beginner,4,2,60 minutes,"Roger \u201cRock\u201d Lockridge, Senior Writer",4,20,False,True,https://www.muscleandstrength.com/workouts/2-week-deload-program
2-weekly-workouts-for-larger-legs,2 Weekly Workouts for Larger Legs,focused,fully equipped gym,muscle building,single muscle group,both,intermediate,2,8,45-60 minutes,"Roger \u201cRock\u201d Lockridge, Senior Writer",2,8,False,True,https://www.muscleandstrength.com/workouts/2-weekly-workouts-for-larger-legs
20-6-day-weight-cardio-cutting-workout,Fat Blaster: 6 Day Weight/Cardio Cutting Workout,program,fully equipped gym,fat loss,split,both,intermediate,6,1,30-45 minutes,M&S Writers,3,20,False,True,https://www.muscleandstrength.com/workouts/20-6-day-weight-cardio-cutting-workout.html
20-minute-hiit-workout,20 Minute HIIT Workout You Can Do Anywhere,full_workout,body weight,fat loss,full body,both,beginner,2,6,20 minutes,"Roger \u201cRock\u201d Lockridge, Senior Writer",1,9,False,True,https://www.muscleandstrength.com/workouts/20-minute-hiit-workout
20-rep-quad-hamstring-shock-workout,20 Rep Quad & Hamstring Shock Workout,focused,fully equipped gym,muscle building,single muscle group,men,intermediate,1,4,45-60 minutes,Steve Shaw,1,9,False,True,https://www.muscleandstrength.com/workouts/20-rep-quad-hamstring-shock-workout
22-4-day-split-bodybuilding-split-routine,4 Day Split Bodybuilding Split Routine,full_workout,fully equipped gym,muscle building,split,both,advanced,4,8,45-60 minutes,M&S Writers,4,29,False,True,https://www.muscleandstrength.com/workouts/22-4-day-split-bodybuilding-split-routine.html
27-home-based-ab-workout,Home-Based Ab Workout,focused,body weight,muscle building,single muscle group,both,beginner,3,6,20 minutes,M&S Writers,3,9,False,True,https://www.muscleandstrength.com/workouts/27-home-based-ab-workout.html
28-plateau-busting-chest-workout,4 Week Plateau Busting Chest Workout,focused,fully equipped gym,muscle building,single muscle group,both,advanced,1,4,30-45 minutes,M&S Writers,4,18,False,True,https://www.muscleandstrength.com/workouts/28-plateau-busting-chest-workout.html
29-ab-workout-to-increase-ab-size-,Ab Workout To Increase Ab Size,focused,fully equipped gym,muscle building,single muscle group,both,advanced,2,6,15-30 minutes,M&S Writers,2,8,False,True,https://www.muscleandstrength.com/workouts/29-ab-workout-to-increase-ab-size-.html
3-day-PPL-workout-for-beginners,3 Day Push/Pull/Legs (PPL) Workout for Beginners,full_workout,fully equipped gym,strength,split,both,beginner,3,10,60 minutes,"Roger \u201cRock\u201d Lockridge, Senior Writer",3,18,False,True,https://www.muscleandstrength.com/workouts/3-day-PPL-workout-for-beginners
3-day-at-home-womens-workout,3 Day (At Home) Women's Workout Routine,full_workout,home / small gym,fat loss,full body,women,beginner,3,4,30-45 minutes,Josh England,3,21,False,True,https://www.muscleandstrength.com/workouts/3-day-at-home-womens-workout
3-day-dumbbell-only-workout-for-women,3 Day Full Body Women's Dumbbell Only Workout,program,home / small gym,muscle building,full body,women,beginner,3,8,45-60 minutes,"Roger \u201cRock\u201d Lockridge, Senior Writer",4,24,False,True,https://www.muscleandstrength.com/workouts/3-day-dumbbell-only-workout-for-women
3-day-full-body-dumbbell-workout,Dumbbell Only Workout: 3 Day Full Body Dumbbell Workout,full_workout,home / small gym,muscle building,full body,both,beginner,3,8,45 minutes,Josh England,3,21,False,True,https://www.muscleandstrength.com/workouts/3-day-full-body-dumbbell-workout
3-day-full-body-kettlebell-workout,3 Day Full Body Beginner Kettlebell Workout,full_workout,home / small gym,muscle building,full body,both,beginner,3,4,20-45 minutes,Josh England,3,15,False,True,https://www.muscleandstrength.com/workouts/3-day-full-body-kettlebell-workout
3-day-kettlebell-bodyweight,3 Day Kettlebell and Bodyweight Workout,program,home / small gym,fat loss,split,both,beginner,3,4,45 minutes,"Roger \u201cRock\u201d Lockridge, Senior Writer",3,18,False,True,https://www.muscleandstrength.com/workouts/3-day-kettlebell-bodyweight
3-day-power-muscle-burn,3 Day Power Muscle Burn Workout Split,full_workout,fully equipped gym,muscle building,split,both,intermediate,3,8,30-45 minutes,Steve Shaw,3,31,False,True,https://www.muscleandstrength.com/workouts/3-day-power-muscle-burn
3-day-whole-body-toning-workout,3 Day Full Body Toning Workout for Women,full_workout,fully equipped gym,muscle building,full body,both,intermediate,3,4,30 minutes,M&S Writers,3,20,False,True,https://www.muscleandstrength.com/workouts/3-day-whole-body-toning-workout.html
3-giant-sets-for-giant-arms,3 Giant Sets to Build Giant Arms,focused,fully equipped gym,muscle building,single muscle group,men,intermediate,1,6,30 minutes,"Roger \u201cRock\u201d Lockridge, Senior Writer",3,12,False,True,https://www.muscleandstrength.com/workouts/3-giant-sets-for-giant-arms
3-week-muscular-back-building,3 Week Muscular Back Building Rotation,program,fully equipped gym,muscle building,split,both,beginner,1,3,30-45 minutes,Steve Shaw,3,12,False,True,https://www.muscleandstrength.com/workouts/3-week-muscular-back-building
3-week-pump-tacular-pecs-workout,Pump-Tacular Pecs: 3 Week Workout to Pump Up Your Chest,focused,fully equipped gym,muscle building,single muscle group,men,advanced,1,3,45-70 minutes,Eric Broser,3,12,False,True,https://www.muscleandstrength.com/workouts/3-week-pump-tacular-pecs-workout
300-rise-new-you-workout-muscular-ripped,300 Workout: The Rise Of A New You! A Plan To Get Muscular & Ripped,full_workout,home / small gym,general fitness,full body,both,beginner,4,12,30-45 minutes,Brad Borland,4,38,False,True,https://www.muscleandstrength.com/workouts/300-rise-new-you-workout-muscular-ripped
34-beginner-shoulder-workout,Beginner Shoulder Workout,focused,home / small gym,muscle building,single muscle group,both,beginner,1,6,20-30 minutes,Doug Lawrenson,1,4,False,True,https://www.muscleandstrength.com/workouts/34-beginner-shoulder-workout.html
35-beginner-chest-workout,Beginner Chest Workout,focused,fully equipped gym,muscle building,single muscle group,both,beginner,1,6,15-30 minutes,Doug Lawrenson,1,3,False,True,https://www.muscleandstrength.com/workouts/35-beginner-chest-workout.html
36-8-week-intense-back-workout,8 Week Intense Back Workout,focused,fully equipped gym,muscle building,single muscle group,both,intermediate,1,8,30-45 minutes,M&S Writers,4,14,False,True,https://www.muscleandstrength.com/workouts/36-8-week-intense-back-workout.html
38-beginner-leg-workout,Beginner Leg Workout,focused,fully equipped gym,muscle building,single muscle group,both,beginner,1,6,20-30 minutes,Doug Lawrenson,1,4,False,True,https://www.muscleandstrength.com/workouts/38-beginner-leg-workout.html
39-beginner-bicep-workout,Beginner Bicep Workout,focused,home / small gym,muscle building,single muscle group,both,beginner,1,6,10-15 minutes,Doug Lawrenson,1,2,False,True,https://www.muscleandstrength.com/workouts/39-beginner-bicep-workout.html
3day-beginners-workout,3 Day Muscle Building Workout For Beginners,full_workout,fully equipped gym,muscle building,split,both,beginner,3,10,30 minutes,M&S Writers,3,13,False,True,https://www.muscleandstrength.com/workouts/3day-beginners-workout.html
4-day-advanced-upper-lower-workout-program-to-build-mass,4 Day Advanced Upper/Lower Workout Program to Build Mass,full_workout,fully equipped gym,muscle building,split,men,advanced,4,12,50-75 minutes,Josh England,4,36,False,True,https://www.muscleandstrength.com/workouts/4-day-advanced-upper-lower-workout-program-to-build-mass
4-day-at-home-womens-workout,4 Day (At Home) Women's Workout Routine,full_workout,home / small gym,general fitness,full body,women,beginner,4,8,30-40 minutes,M&S Team,4,28,False,True,https://www.muscleandstrength.com/workouts/4-day-at-home-womens-workout
4-day-barbell-only-workout,4 Day Barbell Only Workout (No Rack Required),full_workout,home / small gym,muscle building,split,both,intermediate,4,8,60-90 minutes,Laura Rinke,4,26,False,True,https://www.muscleandstrength.com/workouts/4-day-barbell-only-workout
4-day-machine-only-workout,Machine Only Workout: 4 Day Workout Split,full_workout,fully equipped gym,muscle building,split,both,beginner,4,6,30-60 minutes,M&S Team,4,21,False,True,https://www.muscleandstrength.com/workouts/4-day-machine-only-workout
4-day-power-muscle-burn-workout-split,4 Day Power Muscle Burn Workout Split,full_workout,fully equipped gym,muscle building,split,both,intermediate,4,12,60 minutes,Steve Shaw,4,28,False,True,https://www.muscleandstrength.com/workouts/4-day-power-muscle-burn-workout-split.html
4-day-ppl-and-v-taper-intensifier-workout,4 Day Muscle Building Workout: PPL Split w/ V Taper Intensifier,full_workout,fully equipped gym,muscle building,split,both,intermediate,4,8,45-70 minutes,Josh England,4,21,False,True,https://www.muscleandstrength.com/workouts/4-day-ppl-and-v-taper-intensifier-workout
4-day-shred-cycle-workout,4 Day Shred Cycle Fat Loss Workout,full_workout,fully equipped gym,fat loss,split,both,intermediate,4,8,45-60 minutes,Thomas Schultz,1,20,False,True,https://www.muscleandstrength.com/workouts/4-day-shred-cycle-workout
4-week-absolute-leg-carnage-workout,4 Week Absolute Leg Carnage Workout,focused,fully equipped gym,muscle building,single muscle group,both,advanced,1,4,45-70 minutes,Eric Broser,4,30,False,True,https://www.muscleandstrength.com/workouts/4-week-absolute-leg-carnage-workout
4-week-arm-ageddon-blast-arm-workout,4 Week Arm-Ageddon Blast Arm Workout,focused,fully equipped gym,muscle building,single muscle group,both,advanced,1,4,45-70 minutes,Eric Broser,4,31,False,True,https://www.muscleandstrength.com/workouts/4-week-arm-ageddon-blast-arm-workout
4-week-beginner-core-strength,4 Week Beginner Core Strength Trainer,focused,home / small gym,strength,single muscle group,both,beginner,6,4,15-30 minutes,"Coach Dustin Myers, CSCS",4,48,False,True,https://www.muscleandstrength.com/workouts/4-week-beginner-core-strength
4-week-beginner-kettlebell-workout,4 Week Beginner Kettlebell Workout For Muscle Growth,program,home / small gym,muscle building,full body,both,beginner,4,4,30 minutes,"Roger \u201cRock\u201d Lockridge, Senior Writer",4,0,False,True,https://www.muscleandstrength.com/workouts/4-week-beginner-kettlebell-workout
4-week-hamstring-helper-workout,4 Week Hamstring Helper Workout Program,focused,fully equipped gym,muscle building,single muscle group,men,intermediate,2,4,30-45 minutes,Eric Broser,2,6,False,True,https://www.muscleandstrength.com/workouts/4-week-hamstring-helper-workout
4-week-leg-lashing-blast-workout-program,4 Week Leg-Lashing Blast Workout Program,focused,fully equipped gym,muscle building,single muscle group,both,advanced,4,4,45-70 minutes,Eric Broser,4,31,False,True,https://www.muscleandstrength.com/workouts/4-week-leg-lashing-blast-workout-program
4-week-shoulder-shocker-workout,4 Week Shoulder Shocker to Ignite Muscle Growth,focused,fully equipped gym,muscle building,single muscle group,both,advanced,1,4,45-70 minutes,Eric Broser,4,17,False,True,https://www.muscleandstrength.com/workouts/4-week-shoulder-shocker-workout
4-week-v-cuts-abs-workout,4 Week “V Cuts Abs” Workout Routine,program,fully equipped gym,fat loss,split,both,intermediate,4,4,60-75 minutes,Josh England,4,40,False,True,https://www.muscleandstrength.com/workouts/4-week-v-cuts-abs-workout
4-week-workout-to-build-biceps-that-peak,4 Week Biceps Workout to Build Peaking Bi's,focused,fully equipped gym,muscle building,single muscle group,men,intermediate,2,4,15-45 minutes,"Roger \u201cRock\u201d Lockridge, Senior Writer",2,5,False,True,https://www.muscleandstrength.com/workouts/4-week-workout-to-build-biceps-that-peak
40-beginner-back-workout,Beginner Back Workout,focused,fully equipped gym,muscle building,single muscle group,both,beginner,1,6,15-30 minutes,Doug Lawrenson,1,3,False,True,https://www.muscleandstrength.com/workouts/40-beginner-back-workout.html
41-beginner-forearm-workout,Beginner Forearm Workout,focused,home / small gym,muscle building,single muscle group,both,beginner,1,4,1-5 minutes,Doug Lawrenson,1,2,False,True,https://www.muscleandstrength.com/workouts/41-beginner-forearm-workout.html
42-beginner-ab-workout,Beginner Ab Workout,focused,body weight,muscle building,single muscle group,both,beginner,1,8,10-15 minutes,Doug Lawrenson,1,2,False,False,https://www.muscleandstrength.com/workouts/42-beginner-ab-workout.html
45-minute-kettlebell-bodyweight-fat-loss-workout,45-Minute Kettlebell and Bodyweight Workout for Fat Loss,full_workout,home / small gym,fat loss,full body,both,beginner,3,8,45 minutes,"Roger \u201cRock\u201d Lockridge, Senior Writer",1,10,False,True,https://www.muscleandstrength.com/workouts/45-minute-kettlebell-bodyweight-fat-loss-workout
5-day-dumbbell-only-workout-split,Dumbbell Only Workout: 5 Day Dumbbell Workout Split,full_workout,home / small gym,muscle building,split,both,intermediate,5,12,45-60 minutes,Josh England,5,33,False,True,https://www.muscleandstrength.com/workouts/5-day-dumbbell-only-workout-split
5-day-home-muscle-building-workout,5 Day At Home Muscle Building Workout,full_workout,home / small gym,muscle building,split,both,beginner,5,10,30-60 minutes,"Roger \u201cRock\u201d Lockridge, Senior Writer",5,22,False,True,https://www.muscleandstrength.com/workouts/5-day-home-muscle-building-workout
5-day-push-pull-legs-workout-program-cycle,"5 Day Push, Pull, Legs Workout Program Cycle",full_workout,fully equipped gym,muscle building,split,both,intermediate,5,8,45-60 minutes,Lewis Coldham,4,20,False,True,https://www.muscleandstrength.com/workouts/5-day-push-pull-legs-workout-program-cycle
5-day-womens-dumbbell-only-workout,5 Day Women’s Dumbbell Only Workout,program,home / small gym,muscle building,split,women,beginner,5,8,30-60 minutes,"Roger \u201cRock\u201d Lockridge, Senior Writer",5,28,False,True,https://www.muscleandstrength.com/workouts/5-day-womens-dumbbell-only-workout
5-day-workout-routine-for-women,Workout Routine for Women: 5 Day Sample Women's Workout,full_workout,fully equipped gym,muscle building,split,women,intermediate,5,8,60-90 minutes,Josh England,5,28,False,True,https://www.muscleandstrength.com/workouts/5-day-workout-routine-for-women
5-week-full-body-kettlebell-workout,5 Week Full Body Kettlebell Workout,program,home / small gym,fat loss,full body,both,beginner,5,5,20-25 minutes,Walter Hinchman,5,15,False,True,https://www.muscleandstrength.com/workouts/5-week-full-body-kettlebell-workout
5000-rep-arm-specialization-program,"10 Week Program & 5,000 Rep Arm Specialization Program",focused,fully equipped gym,muscle building,single muscle group,both,intermediate,3,10,60-75 minutes,M&S Writers,5,46,False,True,https://www.muscleandstrength.com/workouts/5000-rep-arm-specialization-program
6-day-dumbbell-only-workout,Dumbbell Only Workout: 6 Day Dumbbell Workout Split,full_workout,home / small gym,muscle building,split,both,intermediate,6,12,45-70 minutes,Josh England,6,33,False,True,https://www.muscleandstrength.com/workouts/6-day-dumbbell-only-workout
6-day-low-volume-high-intensity-workout-split,6 Day Low Volume High-Intensity Workout Split,full_workout,fully equipped gym,muscle building,split,both,intermediate,6,6,60-75 minutes,Eric Roberts,6,37,False,True,https://www.muscleandstrength.com/workouts/6-day-low-volume-high-intensity-workout-split
6-day-powerbuilding-split-meal-plan,6 Day Push/Pull/Legs (PPL) Powerbuilding Workout Split & Meal Plan,full_workout,fully equipped gym,muscle building,split,both,intermediate,6,12,45-60 minutes,Nick Ludlow,7,51,False,True,https://www.muscleandstrength.com/workouts/6-day-powerbuilding-split-meal-plan
6-day-workout-and-guide-to-building-muscle-mass,6 Day Workout & Guide to Put on Muscle Mass,full_workout,fully equipped gym,muscle building,split,men,advanced,6,8,45-120 minutes,Steve Hess,3,30,False,True,https://www.muscleandstrength.com/workouts/6-day-workout-and-guide-to-building-muscle-mass
6-exercise-home-dumbbell-leg-workout,6 Exercise Home Dumbbell Workout For Legs,focused,home / small gym,muscle building,single muscle group,both,beginner,1,8,45-60 minutes,Thomas Schultz,1,6,False,True,https://www.muscleandstrength.com/workouts/6-exercise-home-dumbbell-leg-workout
6-week-arm-builder-workout-plan,6 Week Arm Builder Workout Plan,focused,fully equipped gym,muscle building,single muscle group,both,beginner,2,6,10-15 minutes,M&S Writers,3,12,False,True,https://www.muscleandstrength.com/workouts/6-week-arm-builder-workout-plan
6-week-bodyweight-only-workout,Body Blaster: Full Body Fat Loss Workout (No Equipment Necessary),full_workout,body weight,fat loss,full body,both,beginner,3,6,20-35 minutes,"Roger \u201cRock\u201d Lockridge, Senior Writer",2,18,False,True,https://www.muscleandstrength.com/workouts/6-week-bodyweight-only-workout
6-week-extreme-fat-loss-workout,Extreme Fat Loss: 6 Week Fat Loss Workout Plan,program,home / small gym,fat loss,full body,both,intermediate,3,6,45-75 minutes,M&S Team,3,27,False,True,https://www.muscleandstrength.com/workouts/6-week-extreme-fat-loss-workout
6-week-lean-bulk,6-Week Lean Bulk Workout Program for Women,program,fully equipped gym,muscle building,split,women,beginner,5,6,60-75 minutes,"Roger \u201cRock\u201d Lockridge, Senior Writer",6,32,False,True,https://www.muscleandstrength.com/workouts/6-week-lean-bulk
6-week-summer-workout-challenge,6 Week Summer Workout Challenge,program,home / small gym,fat loss,split,both,beginner,6,6,45-60 minutes,"Roger \u201cRock\u201d Lockridge, Senior Writer",3,28,False,True,https://www.muscleandstrength.com/workouts/6-week-summer-workout-challenge
6-week-womens-strength-and-conditioning,6-Week Women’s Full Body Strength and Conditioning Workout,program,home / small gym,strength,full body,women,beginner,3,6,40 minutes,"Roger \u201cRock\u201d Lockridge, Senior Writer",1,20,False,True,https://www.muscleandstrength.com/workouts/6-week-womens-strength-and-conditioning
8-week-bench-press-builder,8 Week Bench Press Builder,focused,home / small gym,strength,single muscle group,both,intermediate,4,8,60-75 minutes,Steve Shaw,2,3,False,True,https://www.muscleandstrength.com/workouts/8-week-bench-press-builder
8-week-bicep-tricep-builder,Awesome Arms: 8 Weeks to Better Biceps and Triceps,focused,fully equipped gym,muscle building,single muscle group,both,beginner,1,8,30-40 minutes,"Roger \u201cRock\u201d Lockridge, Senior Writer",1,8,False,True,https://www.muscleandstrength.com/workouts/8-week-bicep-tricep-builder
8-week-cannonball-delts,8-Week Shoulder Workout to Build Cannonball Delts,focused,fully equipped gym,muscle building,single muscle group,both,intermediate,1,8,,"Roger \u201cRock\u201d Lockridge, Senior Writer",1,6,False,True,https://www.muscleandstrength.com/workouts/8-week-cannonball-delts
8-week-fat-loss-program-adults-40,8-Week Fat Loss Program for Adults 40+,program,fully equipped gym,fat loss,full body,both,beginner,3,8,50-60 minutes,"Roger \u201cRock\u201d Lockridge, Senior Writer",3,18,False,True,https://www.muscleandstrength.com/workouts/8-week-fat-loss-program-adults-40
8-week-full-body-womens-workout-routine,8 Week Full Body Workout Routine for Women,program,fully equipped gym,muscle building,full body,women,beginner,3,8,45-70 minutes,Josh England,3,15,False,True,https://www.muscleandstrength.com/workouts/8-week-full-body-womens-workout-routine
8-week-giant-shoulders,Giant Sets For Giant Boulder Shoulders In 8 Weeks,focused,home / small gym,muscle building,single muscle group,both,intermediate,1,8,15-30 minutes,"Roger \u201cRock\u201d Lockridge, Senior Writer",4,16,True,True,https://www.muscleandstrength.com/workouts/8-week-giant-shoulders
8-week-hit3-gym-workout,HIT3 Training: 8 Week Intense Muscle-Building Program,program,fully equipped gym,muscle building,split,both,advanced,3,8,60-75 minutes,"Roger \u201cRock\u201d Lockridge, Senior Writer",3,53,False,True,https://www.muscleandstrength.com/workouts/8-week-hit3-gym-workout
8-week-mass-building-workout-for-beginners,8 Week Mass Building Workout for Beginners,program,fully equipped gym,muscle building,split,both,beginner,4,8,,"Roger \u201cRock\u201d Lockridge, Senior Writer",4,28,False,True,https://www.muscleandstrength.com/workouts/8-week-mass-building-workout-for-beginners
8-week-novice-quick-start-workout-plan,8 Week Novice Quick Start Workout Plan,program,fully equipped gym,muscle building,full body,men,beginner,3,8,30-45 minutes,Steve Shaw,3,30,False,True,https://www.muscleandstrength.com/workouts/8-week-novice-quick-start-workout-plan
8-week-pec-pounder,Pec-Pounder: 8 Week Chest Workout to Shatter Your Plateau,focused,fully equipped gym,muscle building,single muscle group,men,intermediate,1,8,45-60 minutes,Eric Broser,4,18,False,True,https://www.muscleandstrength.com/workouts/8-week-pec-pounder
8-week-plateau-busting-pyramid-workout,8 Week Plateau Busting Pyramid Workout Program,program,fully equipped gym,muscle building,split,men,advanced,5,8,45-60 minutes,Alex Stewart,5,32,False,True,https://www.muscleandstrength.com/workouts/8-week-plateau-busting-pyramid-workout
8-week-spring-shred-program,Spring Shred: 8 Week Fat Loss Workout Plan,program,fully equipped gym,fat loss,split,both,advanced,5,8,45-60 minutes,"Roger \u201cRock\u201d Lockridge, Senior Writer",5,36,False,True,https://www.muscleandstrength.com/workouts/8-week-spring-shred-program
8-week-super-strength-workout,Super Strength: 8 Week Strength Building Workout for Beginners,program,fully equipped gym,strength,split,both,beginner,5,8,60 minutes,"Roger \u201cRock\u201d Lockridge, Senior Writer",5,20,False,True,https://www.muscleandstrength.com/workouts/8-week-super-strength-workout
8-week-womens-beginner-fat-loss-workout,8 Week Beginner Fat Loss Workout for Women,program,fully equipped gym,fat loss,split,women,beginner,4,8,60-75 minutes,"Roger \u201cRock\u201d Lockridge, Senior Writer",4,29,False,True,https://www.muscleandstrength.com/workouts/8-week-womens-beginner-fat-loss-workout
8-week-womens-workout-routine,Women’s Workout Routine: 8 Week Sample Workout for Women,program,fully equipped gym,muscle building,split,women,beginner,4,8,60-75 minutes,Josh England,4,22,False,True,https://www.muscleandstrength.com/workouts/8-week-womens-workout-routine
8-weeks-stronger-deadlift,8 Weeks To A Stronger Deadlift,focused,fully equipped gym,strength,single muscle group,both,intermediate,1,8,30-45 minutes,Danny Takacs,1,3,False,True,https://www.muscleandstrength.com/workouts/8-weeks-stronger-deadlift
9-week-progressive-bodyweight-workout,9 Week Bodyweight Workout For Strength & Muscle Gains,program,home / small gym,general fitness,full body,both,beginner,3,9,45-75 minutes,Brad Borland,9,78,False,True,https://www.muscleandstrength.com/workouts/9-week-progressive-bodyweight-workout
a-b-2-day-workout-for-busy-people,A/B 2 Day Workout Routine for Busy People,full_workout,fully equipped gym,muscle building,full body,both,beginner,2,6,60-90 minutes,Josh England,2,10,False,True,https://www.muscleandstrength.com/workouts/a-b-2-day-workout-for-busy-people
abs-workout-women-8-weeks-flatter-stomach,Abs Workout For Women: 8 Weeks To A Flatter Stomach,focused,home / small gym,fat loss,single muscle group,women,beginner,2,8,15-30 minutes,Scott Trumbley,2,8,False,True,https://www.muscleandstrength.com/workouts/abs-workout-women-8-weeks-flatter-stomach
advanced-bodybuilder-workout,Advanced Bodybuilder Workout,full_workout,fully equipped gym,muscle building,split,both,advanced,5,12,45-60 minutes,M&S Writers,5,31,False,True,https://www.muscleandstrength.com/workouts/advanced-bodybuilder-workout.html
advanced-fat-loss-workout,10 Weeks to Shredded: Maximize Your Fat Loss with this Workout,program,fully equipped gym,fat loss,split,both,advanced,6,10,30-45 minutes,Team Allmax,5,39,False,True,https://www.muscleandstrength.com/workouts/advanced-fat-loss-workout
advanced-muscle-building-workout-for-women,8-Week Advanced Muscle Building Workout for Women,program,fully equipped gym,muscle building,split,women,advanced,4,8,60-90 minutes,"Roger \u201cRock\u201d Lockridge, Senior Writer",4,32,False,True,https://www.muscleandstrength.com/workouts/advanced-muscle-building-workout-for-women
at-home-glute-building-program,4-Day At-Home Glute Building Workout,full_workout,home / small gym,muscle building,split,both,beginner,4,8,45-60 minutes,"Roger \u201cRock\u201d Lockridge, Senior Writer",4,27,False,True,https://www.muscleandstrength.com/workouts/at-home-glute-building-program
back-shoulder-workout-routine-women,Back And Shoulder Workout Routine For Women,focused,home / small gym,muscle building,single muscle group,women,beginner,2,6,45-60 minutes,Holly Blumenberg,1,6,False,True,https://www.muscleandstrength.com/workouts/back-shoulder-workout-routine-women
backyard-bodyweight-workout,Backyard Bodyweight Workout For Women: Take It Out Back,full_workout,body weight,general fitness,full body,women,beginner,3,8,20-30 minutes,Sarah Kesseli,1,9,False,True,https://www.muscleandstrength.com/workouts/backyard-bodyweight-workout
band-barbell-workout,8 Week Barbell and Resistance Band Muscle Building Workout,program,home / small gym,muscle building,split,both,beginner,3,8,30 minutes,"Roger \u201cRock\u201d Lockridge, Senior Writer",3,21,False,True,https://www.muscleandstrength.com/workouts/band-barbell-workout
band-only-muscle-building-workout,Band Only Muscle Building Workout,full_workout,home / small gym,muscle building,split,both,beginner,3,4,30-45 minutes,Tom MacCormick,3,18,False,True,https://www.muscleandstrength.com/workouts/band-only-muscle-building-workout
barbell-hack-squats-workouts-quads,Barbell Hack Squat Workouts For Bigger Quads,focused,fully equipped gym,muscle building,single muscle group,both,beginner,2,6,60-75 minutes,Fitman,4,15,False,True,https://www.muscleandstrength.com/workouts/barbell-hack-squats-workouts-quads
beef-up-bench-press-10x3-workout-program,Beef Up Your Bench Press 10x3 Workout Program,full_workout,fully equipped gym,strength,split,men,intermediate,3,17,60-75 minutes,Steve Shaw,3,18,False,True,https://www.muscleandstrength.com/workouts/beef-up-bench-press-10x3-workout-program
beginner-fat-loss-workout,8 Week Fat Loss Workout for Beginners,program,fully equipped gym,fat loss,split,both,beginner,4,8,45-60 minutes,"Roger \u201cRock\u201d Lockridge, Senior Writer",4,24,False,True,https://www.muscleandstrength.com/workouts/beginner-fat-loss-workout
bench-most-dayz,Bench Most Dayz: Increase Bench Press Workout,focused,home / small gym,strength,single muscle group,both,beginner,4,6,45-60 minutes,Cory Gregory,3,21,True,True,https://www.muscleandstrength.com/workouts/bench-most-dayz
best-chest-workout-push-stretch-method,Best Chest Workout: The Push & Stretch Method For Killer Chest Gains,focused,fully equipped gym,muscle building,single muscle group,both,intermediate,1,8,45-60 minutes,"Roger \u201cRock\u201d Lockridge, Senior Writer",1,6,False,True,https://www.muscleandstrength.com/workouts/best-chest-workout-push-stretch-method
best-full-body-workout-routine-for-women,The Best Full Body Workout Routine for Women,program,fully equipped gym,fat loss,full body,women,beginner,4,12,60-90 minutes,Josh England,8,38,False,True,https://www.muscleandstrength.com/workouts/best-full-body-workout-routine-for-women
best-muscle-building-workouts-for-natural-bodybuilders,The Best Muscle Building Workout for Natural Bodybuilders,full_workout,fully equipped gym,muscle building,split,both,beginner,6,18,60-90 minutes,Josh England,9,51,False,True,https://www.muscleandstrength.com/workouts/best-muscle-building-workouts-for-natural-bodybuilders
big-and-strong-advanced-program,Big and Strong: 8 Week Advanced Strength Building Workout,program,fully equipped gym,strength,split,both,advanced,5,8,60-90 minutes,"Roger \u201cRock\u201d Lockridge, Senior Writer",5,25,False,True,https://www.muscleandstrength.com/workouts/big-and-strong-advanced-program
big-arms-fast-4-week-specialization-workout,Big Arms Fast: 4 Week Specialization Workout,program,fully equipped gym,muscle building,split,both,beginner,2,4,15-30 minutes,Justin Woltering,8,43,False,True,https://www.muscleandstrength.com/workouts/big-arms-fast-4-week-specialization-workout
big-traps-2-day-trapezius-workout,Big Traps: 2 Day Trapezius Building Workout,focused,home / small gym,muscle building,single muscle group,both,intermediate,2,8,30-45 minutes,Steve Shaw,2,8,False,True,https://www.muscleandstrength.com/workouts/big-traps-2-day-trapezius-workout
bigger-bench-press-chest-135-pounds,A Bigger Bench Press & Chest Using Only 135 Pounds - Really,focused,home / small gym,muscle building,single muscle group,both,intermediate,2,4,10-15 minutes,M&S Writers,1,3,False,True,https://www.muscleandstrength.com/workouts/bigger-bench-press-chest-135-pounds
bikini-ready-8-week-womens-workout,Bikini Ready Workout: 8 Week Workout for Women,program,fully equipped gym,fat loss,split,women,beginner,7,8,45-70 minutes,M&S Team,5,31,False,True,https://www.muscleandstrength.com/workouts/bikini-ready-8-week-womens-workout
bill-starr-5x5-linear-version-intermediate-lifters,Bill Starr 5x5 Linear Version For Intermediate Lifters,full_workout,home / small gym,strength,full body,both,intermediate,3,12,75 minutes,M&S Writers,2,13,False,True,https://www.muscleandstrength.com/workouts/bill-starr-5x5-linear-version-intermediate-lifters.html
blast-and-pump-arm-workout,Blast And Pump Arm Workout,focused,fully equipped gym,muscle building,single muscle group,both,intermediate,1,8,30-45 minutes,M&S Writers,2,16,False,True,https://www.muscleandstrength.com/workouts/blast-and-pump-arm-workout.html
body-god-complete-bodyweight-muscle-building-plan,Body Like A God: A Complete Bodyweight Muscle Building Plan,full_workout,body weight,muscle building,full body,both,beginner,4,4,30-60 minutes,Brad Borland,2,20,False,True,https://www.muscleandstrength.com/workouts/body-god-complete-bodyweight-muscle-building-plan
bodyweight-basics-3-day-workout,Bodyweight Basics: 3 Day Bodyweight Workout Plan,full_workout,body weight,general fitness,split,both,beginner,3,4,15-30 minutes,"Roger \u201cRock\u201d Lockridge, Senior Writer",3,12,False,True,https://www.muscleandstrength.com/workouts/bodyweight-basics-3-day-workout
boost-your-bench-press,Boost Your Bench Press: The Ultimate Workout Plan to Increase Strength and Power,program,fully equipped gym,strength,full body,both,beginner,4,10,60 minutes,"Roger \u201cRock\u201d Lockridge, Senior Writer",5,30,False,True,https://www.muscleandstrength.com/workouts/boost-your-bench-press
booty-burner-courtney-king-full-glute-workout,Booty Burner: Courtney King's Full Glute Workout,focused,fully equipped gym,muscle building,single muscle group,women,intermediate,1,8,45-60 minutes,M&S Team,1,8,True,True,https://www.muscleandstrength.com/workouts/booty-burner-courtney-king-full-glute-workout
build-muscle-bodyweight-workout-routine-circuit,Build Muscle With This Bodyweight Workout Routine Circuit,full_workout,body weight,general fitness,full body,both,beginner,3,,,L.J. Walker,1,9,False,False,https://www.muscleandstrength.com/workouts/build-muscle-bodyweight-workout-routine-circuit
build-without-the-bulk,Build Without the Bulk: 6 Week Muscle Building Workout for Women,program,fully equipped gym,muscle building,split,women,beginner,7,6,90 minutes,"Roger \u201cRock\u201d Lockridge, Senior Writer",4,41,False,True,https://www.muscleandstrength.com/workouts/build-without-the-bulk
building-the-beginner,Building The Beginner: Foundation for Muscle & Strength,program,fully equipped gym,muscle building,split,both,beginner,5,6,45-60 minutes,Team MuscleTech,15,84,True,True,https://www.muscleandstrength.com/workouts/building-the-beginner
building-the-x-frame-10-week-workout,Building the X Frame: 10 Week Muscle Building Workout,program,fully equipped gym,muscle building,split,men,intermediate,4,10,45-60 minutes,Brad Borland,2,20,False,True,https://www.muscleandstrength.com/workouts/building-the-x-frame-10-week-workout
built-different-ppl-workout,Built Different Program: 6 Day PPL Workout Routine,full_workout,fully equipped gym,muscle building,split,both,advanced,6,10,45-60 minutes,M&S Team,6,36,False,True,https://www.muscleandstrength.com/workouts/built-different-ppl-workout
bulldozer-training-3-day-workout-split,Bulldozer Training 3 Day Workout Split,full_workout,fully equipped gym,muscle building,split,men,intermediate,3,8,30-45 minutes,Steve Shaw,3,24,False,True,https://www.muscleandstrength.com/workouts/bulldozer-training-3-day-workout-split
butt-gear-3-day-glute-workout,Get Your Butt In Gear: 3 Day Glute Workout,focused,home / small gym,muscle building,single muscle group,both,beginner,3,10,30-45 minutes,Fitman,5,18,False,True,https://www.muscleandstrength.com/workouts/butt-gear-3-day-glute-workout
chadwick-boseman-workout-program,Chadwick Boseman Inspired Workout: Train Like Black Panther,full_workout,home / small gym,fat loss,full body,men,intermediate,5,8,30-60 minutes,Josh England,3,19,True,True,https://www.muscleandstrength.com/workouts/chadwick-boseman-workout-program
charles-glass-beginners-essentials-bodybuilding-workout,Charles Glass's Beginner's Essentials Bodybuilding Workout,full_workout,fully equipped gym,fat loss,split,both,beginner,5,12,30-60 minutes,M&S Team,6,29,True,True,https://www.muscleandstrength.com/workouts/charles-glass-beginners-essentials-bodybuilding-workout
,The Circuit Style Trainer for Women,full_workout,fully equipped gym,general fitness,full body,women,beginner,2,8,30 minutes,John Matulevich,2,18,False,True,
clear-muscle-challenge,The 12-Week Clear Muscle Challenge Workout,program,fully equipped gym,muscle building,full body,men,advanced,3,12,60-90 minutes,Team MuscleTech,36,197,False,True,https://www.muscleandstrength.com/workouts/clear-muscle-challenge
cobra-back-workout,The Cobra Workout: Heavy High Volume Back Program,focused,fully equipped gym,muscle building,single muscle group,both,intermediate,2,8,60-90 minutes,"Coach Dustin Myers, CSCS",2,15,False,True,https://www.muscleandstrength.com/workouts/cobra-back-workout
combat-your-weakness-program,Combat Your Weakness Workout Program For Muscle And Strength Gains,full_workout,fully equipped gym,muscle building,full body,both,intermediate,5,6,60-75 minutes,Charles Cunningham,5,35,False,True,https://www.muscleandstrength.com/workouts/combat-your-weakness-program
combo-fat-burner-workout,MusclePharm Combo Arm Blasting Workout,full_workout,fully equipped gym,fat loss,split,both,beginner,1,6,60-75 minutes,Cory Gregory,1,20,False,True,https://www.muscleandstrength.com/workouts/combo-fat-burner-workout
concrete-core-workouts,Concrete Core: 4 Core Workouts for Stronger Abs,focused,home / small gym,strength,single muscle group,both,beginner,4,,,Josh England,4,12,False,False,https://www.muscleandstrength.com/workouts/concrete-core-workouts
conditioning-comeback-8-week-conditioning-workout,The Conditioning Comeback: 8 Week Total Body Fitness Workout,program,home / small gym,general fitness,split,both,beginner,3,8,40-60 minutes,"Roger \u201cRock\u201d Lockridge, Senior Writer",3,17,False,True,https://www.muscleandstrength.com/workouts/conditioning-comeback-8-week-conditioning-workout
conditioning-workout-for-women,Whole Body Conditioning Workout For Women,full_workout,fully equipped gym,muscle building,full body,both,beginner,7,8,30-60 minutes,Barbara Greene,3,28,False,True,https://www.muscleandstrength.com/workouts/conditioning-workout-for-women.html
conjugate-system-beginner-powerlifting-workout-phase-1,The Conjugate System: Phase 1 of the Beginner Powerlifting Workout,full_workout,fully equipped gym,strength,split,both,beginner,4,4,60-90 minutes,Nick Showman,16,103,False,True,https://www.muscleandstrength.com/workouts/conjugate-system-beginner-powerlifting-workout-phase-1
core-destroyer-8-week-home-ab-workout,Core Destroyer: 8 Week At Home Ab Workout,focused,home / small gym,muscle building,single muscle group,both,beginner,2,8,10-20 minutes,"Roger \u201cRock\u201d Lockridge, Senior Writer",2,10,False,True,https://www.muscleandstrength.com/workouts/core-destroyer-8-week-home-ab-workout
core-strength-blueprint-4,MusclePharm's Core Strength Blueprint Workout v1.4 With Coach Myers,program,home / small gym,strength,full body,both,intermediate,4,4,15-30 minutes,"Coach Dustin Myers, CSCS",4,24,False,True,https://www.muscleandstrength.com/workouts/core-strength-blueprint-4
core-strength-fat-burn-workout,"Core, Strength And Fat Burn Workout",full_workout,home / small gym,fat loss,full body,both,intermediate,6,6,45-60 minutes,Danial Kelly,2,17,False,True,https://www.muscleandstrength.com/workouts/core-strength-fat-burn-workout
core-strength-road-map,Core Strength Road Map: 4 Weeks to a Shredded & Strong Core,focused,fully equipped gym,strength,single muscle group,both,beginner,3,4,15-30 minutes,"Coach Dustin Myers, CSCS",4,25,False,True,https://www.muscleandstrength.com/workouts/core-strength-road-map
core-strength-rotational-anti-rotational-movements,Core Strength Road Map: Mastering Rotation and Stability,focused,home / small gym,muscle building,single muscle group,both,beginner,1,,,"Coach Dustin Myers, CSCS",2,9,False,False,https://www.muscleandstrength.com/workouts/core-strength-rotational-anti-rotational-movements
core-training-workout-exercises-strength,Core Training Workout: 5 Exercises To Build Core Strength,focused,fully equipped gym,general fitness,single muscle group,both,beginner,2,6,15-30 minutes,John Gormen,1,5,False,True,https://www.muscleandstrength.com/workouts/core-training-workout-exercises-strength
cory-gregory-brick-soup-abs-routine,"Cory Gregory's ""Make Your Own Brick Soup"" Ab Workout",focused,home / small gym,muscle building,single muscle group,both,beginner,4,4,15-30 minutes,Cory Gregory,4,8,True,True,https://www.muscleandstrength.com/workouts/cory-gregory-brick-soup-abs-routine
deadlift-specialization-program,5-Day Deadlift Workout Program for Max Strength,program,fully equipped gym,strength,split,both,intermediate,5,8,60 minutes,"Roger \u201cRock\u201d Lockridge, Senior Writer",5,21,False,True,https://www.muscleandstrength.com/workouts/deadlift-specialization-program
density-giant-set-training-maintain-muscle-fat-loss,Density Giant Set Training: Maintain Muscle During Fat Loss,full_workout,home / small gym,fat loss,split,both,intermediate,3,8,30-45 minutes,John Matulevich,3,18,False,True,https://www.muscleandstrength.com/workouts/density-giant-set-training-maintain-muscle-fat-loss.html
drop-5-home-workout-4-day-plan,Drop 5 System: 4 Day Home Muscle Building Plan,full_workout,home / small gym,muscle building,split,both,intermediate,4,9,30-45 minutes,Steve Shaw,4,20,False,True,https://www.muscleandstrength.com/workouts/drop-5-home-workout-4-day-plan
dumbbar-supersets,DumbBar Workout: Make Killer Gains With Dumbbell & Barbell Supersets,full_workout,home / small gym,muscle building,split,both,beginner,6,8,20-30 minutes,"Roger \u201cRock\u201d Lockridge, Senior Writer",11,61,False,True,https://www.muscleandstrength.com/workouts/dumbbar-supersets
dumbbell-barbell-home-workout,3 Day Dumbbell & Barbell Home Workout,full_workout,home / small gym,muscle building,split,both,intermediate,3,6,45 minutes,M&S Writers,3,15,False,True,https://www.muscleandstrength.com/workouts/dumbbell-barbell-home-workout.html
dumbbell-barbell-mass-workout,Dumbbell & Barbell Mass Workout,full_workout,home / small gym,muscle building,split,both,intermediate,5,8,65 minutes,M&S Writers,5,29,False,True,https://www.muscleandstrength.com/workouts/dumbbell-barbell-mass-workout.html
dumbbell-bodyweight-chest-workout,3 Dumbbell and Bodyweight Chest Workouts (No Bench Needed!),focused,home / small gym,muscle building,single muscle group,both,beginner,2,6,20-40 minutes,"Roger \u201cRock\u201d Lockridge, Senior Writer",3,12,False,True,https://www.muscleandstrength.com/workouts/dumbbell-bodyweight-chest-workout
dumbbell-bodyweight-circuit-workout-women,Dumbbell And Bodyweight Circuit Workout For Women,full_workout,home / small gym,general fitness,full body,women,beginner,1,6,30-45 minutes,M&S Writers,0,0,False,False,https://www.muscleandstrength.com/workouts/dumbbell-bodyweight-circuit-workout-women
dumbbell-only-home-or-gym-fullbody-workout,Dumbbell Only Home Or Gym Full Body Workout,full_workout,home / small gym,muscle building,full body,men,beginner,3,8,30 minutes,Steve Shaw,3,18,False,True,https://www.muscleandstrength.com/workouts/dumbbell-only-home-or-gym-fullbody-workout.html
dumbbell-only-upper-lower-workout-routine,4 Day Dumbbell Only Upper/Lower Workout Routine,full_workout,home / small gym,muscle building,split,both,beginner,4,12,45-60 minutes,Josh England,4,26,False,True,https://www.muscleandstrength.com/workouts/dumbbell-only-upper-lower-workout-routine
express-workout-program,The Express Workout Program: Quick Workouts for Quick Results,full_workout,fully equipped gym,fat loss,full body,both,intermediate,3,6,60 minutes,Samantha Meinrod,3,51,False,True,https://www.muscleandstrength.com/workouts/express-workout-program
fast-start-3-day-kettlebell-workout-women,Fast Start 3 Day Home Kettlebell Workout For Women,full_workout,home / small gym,general fitness,full body,women,beginner,3,6,60-90 minutes,Jonathan Byrd,1,11,False,True,https://www.muscleandstrength.com/workouts/fast-start-3-day-kettlebell-workout-women
fat-loss-inferno-5-day-workout,Fat Loss Inferno: 5 Day Workout to Get Ripped,full_workout,fully equipped gym,fat loss,split,both,intermediate,5,6,45-70 minutes,M&S Team,5,27,False,True,https://www.muscleandstrength.com/workouts/fat-loss-inferno-5-day-workout
fouad-abiad-back-workout,"Build a ""Hoss"" Back w/ Fouad Abiad's Back Workout",focused,fully equipped gym,muscle building,single muscle group,men,advanced,1,8,45-60 minutes,Fouad Abiad,1,5,True,True,https://www.muscleandstrength.com/workouts/fouad-abiad-back-workout
fouad-abiads-shoulder-workout,Build “Hoss” Shoulders w/ Fouad Abiad’s Shoulder Workout,focused,fully equipped gym,muscle building,single muscle group,men,advanced,1,8,45-60 minutes,Fouad Abiad,1,6,True,True,https://www.muscleandstrength.com/workouts/fouad-abiads-shoulder-workout
frankoman-2-day-intermediate-ab-routine,Frankoman's 2 Day Intermediate Ab Workout,focused,home / small gym,muscle building,single muscle group,both,intermediate,2,8,15-30 minutes,M&S Writers,2,10,False,True,https://www.muscleandstrength.com/workouts/frankoman-2-day-intermediate-ab-routine.html
frankoman-dumbbell-only-split,Frankoman's Dumbbell Only Split,full_workout,home / small gym,muscle building,split,both,beginner,3,10,45 minutes,M&S Writers,3,22,False,True,https://www.muscleandstrength.com/workouts/frankoman-dumbbell-only-split.html
full-body-blast-off-workout,Full Body Blast Off Workout - The Best Full Body Routine,full_workout,fully equipped gym,muscle building,full body,both,intermediate,7,4,60-90 minutes,"Coach Dustin Myers, CSCS",4,30,False,True,https://www.muscleandstrength.com/workouts/full-body-blast-off-workout
full-body-bodyweight-workout,Full Body Bodyweight Workout,full_workout,body weight,muscle building,full body,both,beginner,1,6,30-45 minutes,Jeremy Wood,1,6,False,True,https://www.muscleandstrength.com/workouts/full-body-bodyweight-workout.html
full-body-kettlebell-circuit-workout,Full Body Kettlebell at Home (or Anywhere) Circuit Workout,full_workout,home / small gym,general fitness,full body,both,beginner,3,8,15-60 minutes,Josh England,1,7,False,True,https://www.muscleandstrength.com/workouts/full-body-kettlebell-circuit-workout
full-body-smith-machine-workout,3 Day Smith Machine Only Workout for Women,full_workout,fully equipped gym,muscle building,full body,women,beginner,3,8,60 minutes,"Roger \u201cRock\u201d Lockridge, Senior Writer",3,18,False,True,https://www.muscleandstrength.com/workouts/full-body-smith-machine-workout
get-ripped-3-day-split,Get RIPPED: 3 Day Workout Split Plus Cardio Routine,full_workout,fully equipped gym,fat loss,split,both,intermediate,3,8,30-45 minutes,Josh England,3,20,False,True,https://www.muscleandstrength.com/workouts/get-ripped-3-day-split
get-ripped-supersets-giant-sets,Get Ripped With Supersets & Giant Sets,full_workout,fully equipped gym,fat loss,split,men,beginner,4,12,60-75 minutes,Brad Borland,5,28,False,True,https://www.muscleandstrength.com/workouts/get-ripped-supersets-giant-sets
get-swole-5-phase-muscle-building-workout,Get Swole: 5 Phase Muscle Building Workout System,program,fully equipped gym,muscle building,split,men,beginner,4,20,45-60 minutes,Cory Gregory,23,216,False,True,https://www.muscleandstrength.com/workouts/get-swole-5-phase-muscle-building-workout
giant-set-workouts-hypertrophy,Conquering The Giant: Giant Set Workouts For Hypertrophy & Fat Loss,focused,home / small gym,muscle building,single muscle group,both,intermediate,3,6,30-45 minutes,Mike Samuels,5,23,False,False,https://www.muscleandstrength.com/workouts/giant-set-workouts-hypertrophy
guns-a-blazing-workout,"The ""Guns-A-Blazing"" Arm Training Workout Routine",focused,fully equipped gym,muscle building,single muscle group,both,intermediate,2,8,75-90 minutes,"Coach Dustin Myers, CSCS",2,22,False,True,https://www.muscleandstrength.com/workouts/guns-a-blazing-workout
guns-of-glory-workout,Guns of Glory: An Arm Training Workout Program,focused,home / small gym,muscle building,single muscle group,both,intermediate,1,8,30-45 minutes,Team Allmax,1,8,True,True,https://www.muscleandstrength.com/workouts/guns-of-glory-workout
hardcore-look-at-jim-wendlers-5-3-1-powerlifting-system,A Hardcore Look At Wendler's 5/3/1 Powerlifting Routine,full_workout,home / small gym,strength,split,both,intermediate,3,,,M&S Writers,13,45,False,False,https://www.muscleandstrength.com/workouts/hardcore-look-at-jim-wendlers-5-3-1-powerlifting-system.html
hit-workout-high-intensity-training-routine,HIT Workout - Build Muscle With This High Intensity Training Routine,full_workout,fully equipped gym,muscle building,full body,both,beginner,3,6,15-30 minutes,Max Riley,1,13,False,True,https://www.muscleandstrength.com/workouts/hit-workout-high-intensity-training-routine
home-gym-barbell-workout-routine,Home Or Gym Barbell Workout Routine,full_workout,home / small gym,muscle building,split,both,beginner,4,10,30-45 minutes,Thomas Schultz,4,20,False,True,https://www.muscleandstrength.com/workouts/home-gym-barbell-workout-routine
increase-your-wingspan-workout,The Perfect Back Workout to Increase Your Wingspan,focused,fully equipped gym,muscle building,single muscle group,both,advanced,1,8,45-60 minutes,Team Allmax,1,7,True,True,https://www.muscleandstrength.com/workouts/increase-your-wingspan-workout
increasing-intensity-circuit-abs-workout,Increasing Intensity Circuit Abs Workout,focused,fully equipped gym,muscle building,single muscle group,both,intermediate,2,8,15-30 minutes,Scott Trumbley,1,24,False,True,https://www.muscleandstrength.com/workouts/increasing-intensity-circuit-abs-workout
jai-courtney-workout-terminator-genisys,Jai Courtney Workout: How Jai Got Swole for Terminator: Genisys,program,home / small gym,fat loss,full body,men,beginner,4,6,60-90 minutes,Brad Borland,4,20,False,True,https://www.muscleandstrength.com/workouts/jai-courtney-workout-terminator-genisys
jamal-browner-deadlift-program,"Jamal Browner’s 2-Day Deadlifting Program: Deadlift 1,000+ Lbs",focused,fully equipped gym,strength,single muscle group,both,intermediate,2,9,,Jamal Browner,4,20,True,True,https://www.muscleandstrength.com/workouts/jamal-browner-deadlift-program
jason-blaha-ice-cream-fitness-5x5-novice-workout,Jason Blaha's Ice Cream Fitness 5x5 Novice Program,full_workout,fully equipped gym,strength,full body,both,beginner,3,12,90 minutes,Jason Blaha,2,15,True,True,https://www.muscleandstrength.com/workouts/jason-blaha-ice-cream-fitness-5x5-novice-workout
jason-blaha-intermediate-strength-program,Jason Blaha's Off Season Linear Periodization Intermediate Strength Program #1,full_workout,home / small gym,strength,split,both,intermediate,4,12,60-75 minutes,M&S Writers,1,1,False,True,https://www.muscleandstrength.com/workouts/jason-blaha-intermediate-strength-program
jen-jewell-summer-countdown,Summer Countdown Workout: Burn Fat & Build A Bikini Booty,full_workout,home / small gym,fat loss,full body,women,beginner,4,4,30-45 minutes,Jen Jewell,4,31,False,True,https://www.muscleandstrength.com/workouts/jen-jewell-summer-countdown
jeremys-6-day-hardcore-strength-workout,Jeremy's 6 Day Hardcore Strength Workout,full_workout,home / small gym,strength,split,both,intermediate,6,6,60-90 minutes,Jeremy Wood,6,32,False,True,https://www.muscleandstrength.com/workouts/jeremys-6-day-hardcore-strength-workout.html
kelsos-bench-training,Kelso's Bench Press Training,focused,home / small gym,strength,single muscle group,both,intermediate,2,6,15-30 minutes,M&S Writers,2,6,False,True,https://www.muscleandstrength.com/workouts/kelsos-bench-training.html
kettlebell-dumbbell-hiit-workout,"No Kettlebell, No Problem - Dumbbell HIIT Workout",full_workout,home / small gym,fat loss,full body,both,beginner,2,4,60-75 minutes,Holly Blumenberg,1,17,False,True,https://www.muscleandstrength.com/workouts/kettlebell-dumbbell-hiit-workout
king-calisthenics-workout-lean-muscle,King of Calisthenics Workout: Lean Muscle Without Equipment,full_workout,body weight,muscle building,full body,both,beginner,3,6,30-45 minutes,Brad Borland,2,11,False,True,https://www.muscleandstrength.com/workouts/king-calisthenics-workout-lean-muscle
leg-carnage-quad-hamstring-workout,Leg Carnage: Superset Quad & Hamstring Workout,focused,fully equipped gym,muscle building,single muscle group,both,intermediate,1,3,30-60 minutes,Steve Shaw,1,8,False,True,https://www.muscleandstrength.com/workouts/leg-carnage-quad-hamstring-workout
limited-equipment-home-workout,5 Day Minimal Equipment Home Workout Routine,full_workout,home / small gym,fat loss,split,both,beginner,5,4,30-60 minutes,Eric Broser,5,25,False,True,https://www.muscleandstrength.com/workouts/limited-equipment-home-workout
low-rep-arm-shoulder-workout,Low Rep Arm And Shoulder Workout By MusclePharm,full_workout,home / small gym,muscle building,split,both,beginner,1,6,60-75 minutes,Cory Gregory,1,12,False,True,https://www.muscleandstrength.com/workouts/low-rep-arm-shoulder-workout
lower-body-blast-circuit-workout,Intense Lower Body Blast Circuit Workout,full_workout,body weight,general fitness,split,women,beginner,1,6,30-45 minutes,Sarah Kesseli,1,12,False,False,https://www.muscleandstrength.com/workouts/lower-body-blast-circuit-workout
machines-only-3-day-split,Machine Only Workout: A 3 Day Workout Split,full_workout,fully equipped gym,muscle building,split,both,beginner,3,6,30-45 minutes,M&S Team,3,17,False,True,https://www.muscleandstrength.com/workouts/machines-only-3-day-split
max-fat-burning-workouts,3 Fat Blasting Workouts for Maximum Fat Loss,full_workout,fully equipped gym,fat loss,full body,both,beginner,2,1,30-60 minutes,Eric Broser,3,31,False,True,https://www.muscleandstrength.com/workouts/max-fat-burning-workouts
monster-traps-workout,Monster Traps Workout,focused,home / small gym,muscle building,single muscle group,both,intermediate,1,8,5-15 minutes,Steve Shaw,1,2,False,True,https://www.muscleandstrength.com/workouts/monster-traps-workout.html
morning-workout-muscle-mass,Best Morning Workout For Building Muscle Mass,full_workout,fully equipped gym,muscle building,full body,both,beginner,4,6,30-45 minutes,Brad Borland,5,34,False,True,https://www.muscleandstrength.com/workouts/morning-workout-muscle-mass
mountain-dog-ppl-workout,"Mountain Dog PPL: Push, Pull, Legs Workout Routine w/ John Meadows",full_workout,fully equipped gym,muscle building,split,both,beginner,3,4,60-90 minutes,John Meadows,3,17,True,True,https://www.muscleandstrength.com/workouts/mountain-dog-ppl-workout
muscle-and-strength-30-day-womens-workout,Muscle & Strength's 30 Day Workout Plan For Women,full_workout,home / small gym,muscle building,full body,women,beginner,6,4,45-60 minutes,Brad Borland,30,118,False,True,https://www.muscleandstrength.com/workouts/muscle-and-strength-30-day-womens-workout
muscle-and-strength-womens-fat-loss-workout,Muscle & Strength’s 10 Week Women’s Fat Loss Workout,program,fully equipped gym,fat loss,split,women,intermediate,7,10,60-75 minutes,M&S Team,6,39,False,True,https://www.muscleandstrength.com/workouts/muscle-and-strength-womens-fat-loss-workout
muscle-and-strength-womens-workout,Muscle & Strength’s Women's Trainer: 12 Week Women’s Workout Program,program,fully equipped gym,fat loss,split,women,beginner,5,12,45-60 minutes,Josh England,6,31,False,True,https://www.muscleandstrength.com/workouts/muscle-and-strength-womens-workout
muscle-mania-10-week-muscle-growth-workout,Muscle Mania: 10 Week Workout for Lean Gainz,program,fully equipped gym,muscle building,split,both,advanced,6,10,60-75 minutes,Josh England,6,36,False,True,https://www.muscleandstrength.com/workouts/muscle-mania-10-week-muscle-growth-workout
muscle-strength-full-body-workout-routine,Muscle & Strength Full Body Workout Routine,full_workout,home / small gym,muscle building,full body,both,beginner,3,12,45-60 minutes,Steve Shaw,3,25,True,True,https://www.muscleandstrength.com/workouts/muscle-strength-full-body-workout-routine
myers-glute-workout,Build the Best Glutes in Your Gym with These 3 Workouts,full_workout,fully equipped gym,fat loss,split,both,beginner,3,12,60-90 minutes,"Coach Dustin Myers, CSCS",3,19,True,True,https://www.muscleandstrength.com/workouts/myers-glute-workout
phase-training-pt-1-primer-workout,Phase Training Pt.1: 5 Week Primer Workout for Muscle Size,program,fully equipped gym,muscle building,split,men,beginner,3,5,45-60 minutes,Team SAN,3,30,False,True,https://www.muscleandstrength.com/workouts/phase-training-pt-1-primer-workout
phul-workout,Power Hypertrophy Upper Lower (P.H.U.L.) Workout,full_workout,fully equipped gym,muscle building,split,both,intermediate,4,12,45-60 minutes,Brandon Campbell,4,25,True,True,https://www.muscleandstrength.com/workouts/phul-workout
playground-workouts,Playground Workouts: Having Fun While Building the Body You Want,full_workout,body weight,fat loss,split,both,beginner,3,6,45-60 minutes,Brad Borland,4,21,False,True,https://www.muscleandstrength.com/workouts/playground-workouts
power-muscle-burn-5-day-powerbuilding-split,Power Muscle Burn 5 Day Powerbuilding Split,full_workout,fully equipped gym,muscle building,split,men,intermediate,5,12,45-60 minutes,Steve Shaw,5,31,False,True,https://www.muscleandstrength.com/workouts/power-muscle-burn-5-day-powerbuilding-split.html
powerlifting-workout,100% Powerlifting Workout,full_workout,fully equipped gym,strength,split,both,intermediate,4,8,60-75 minutes,M&S Writers,4,19,False,True,https://www.muscleandstrength.com/workouts/powerlifting-workout.html
project-wheels-hybrid-program-for-leg-size-strength,Project WHEELS: The Ultimate Hybrid Program for Leg Size and Strength,focused,fully equipped gym,muscle building,single muscle group,both,intermediate,5,6,45-60 minutes,Lee Boyce,11,25,True,False,https://www.muscleandstrength.com/workouts/project-wheels-hybrid-program-for-leg-size-strength
punisher-better-body-muscle-building-workout,The Punisher: A Relentless Better Body Workout,full_workout,home / small gym,muscle building,full body,both,intermediate,3,6,30-45 minutes,Fitman,1,7,False,False,https://www.muscleandstrength.com/workouts/punisher-better-body-muscle-building-workout
punisher-workout-vol-ii,The Punisher Vol. II: A Full Body Fat Burning Workout,full_workout,home / small gym,muscle building,full body,both,intermediate,2,,,Fitman,1,8,True,False,https://www.muscleandstrength.com/workouts/punisher-workout-vol-ii
quarter-rep-method,Build Your Lagging Chest with the 1/4 Rep Pump Out Method,focused,home / small gym,muscle building,single muscle group,both,intermediate,1,6,45-60 minutes,"Coach Dustin Myers, CSCS",1,5,False,True,https://www.muscleandstrength.com/workouts/quarter-rep-method
recommit-to-fit-2-week-plan,2-Week Workout Plan to Jumpstart Your Return to the Gym,program,fully equipped gym,general fitness,full body,both,beginner,4,2,60 minutes,"Roger \u201cRock\u201d Lockridge, Senior Writer",4,40,False,True,https://www.muscleandstrength.com/workouts/recommit-to-fit-2-week-plan
rippetoe-wichita-falls-novice-program,Rippetoe Wichita Falls Novice Program,full_workout,home / small gym,strength,full body,both,beginner,3,12,45-60 minutes,M&S Writers,3,9,False,True,https://www.muscleandstrength.com/workouts/rippetoe-wichita-falls-novice-program.html
rp-21-glute-workout-program,RP-21 Glute Building Workout Program,focused,fully equipped gym,muscle building,single muscle group,both,intermediate,1,4,45-60 minutes,Fitman,1,6,True,True,https://www.muscleandstrength.com/workouts/rp-21-glute-workout-program
scott-herman-german-volume-training-upper-lower-workout,Scott Herman’s German Volume Training Upper/Lower Workout,full_workout,fully equipped gym,muscle building,split,both,advanced,4,12,90-120 minutes,Scott Herman,2,14,True,True,https://www.muscleandstrength.com/workouts/scott-herman-german-volume-training-upper-lower-workout
sculpted-strength-bodybuilding-program,Sculpted Strength: The Ultimate 12 Week Bodybuilding Program,program,fully equipped gym,muscle building,single muscle group,both,intermediate,6,12,60-90 minutes,"Roger \u201cRock\u201d Lockridge, Senior Writer",6,38,False,True,https://www.muscleandstrength.com/workouts/sculpted-strength-bodybuilding-program
shredded-21-day-fat-loss,Get Shredded For The New Year: 21-Day Fat Loss Workout,full_workout,fully equipped gym,fat loss,full body,both,beginner,7,3,45-60 minutes,"Coach Dustin Myers, CSCS",6,54,True,True,https://www.muscleandstrength.com/workouts/shredded-21-day-fat-loss
single-pair-dumbbell-bodyweight-workout,4 Day Dumbbell and Bodyweight Fat Loss Workout,program,body weight,fat loss,split,both,beginner,4,6,30-60 minutes,"Roger \u201cRock\u201d Lockridge, Senior Writer",4,27,False,True,https://www.muscleandstrength.com/workouts/single-pair-dumbbell-bodyweight-workout
specific-periodized-linear-advanced-strength-hypertrophy,SPLASH Training - Specific Periodized Linear Advanced Strength + Hypertrophy,full_workout,fully equipped gym,muscle building,split,men,intermediate,6,6,60-75 minutes,Billy Porter,6,39,False,True,https://www.muscleandstrength.com/workouts/specific-periodized-linear-advanced-strength-hypertrophy
spring-cleaning-12-weeks-to-shredded,Spring cLEANing: 12 Weeks to Shredded!,program,fully equipped gym,fat loss,split,men,intermediate,5,12,45-75 minutes,"Roger \u201cRock\u201d Lockridge, Senior Writer",10,67,False,True,https://www.muscleandstrength.com/workouts/spring-cleaning-12-weeks-to-shredded
spring-fat-melter,Spring Fat Melter: 6 Week Fat Loss Workout,program,fully equipped gym,fat loss,split,both,beginner,3,6,45-60 minutes,"Roger \u201cRock\u201d Lockridge, Senior Writer",4,33,False,True,https://www.muscleandstrength.com/workouts/spring-fat-melter
spring-shred-starter-workout,Spring Shred Starter Workout: Full Body Workouts + Cardio,program,fully equipped gym,fat loss,full body,both,beginner,3,8,45-70 minutes,Eric Broser,3,28,False,True,https://www.muscleandstrength.com/workouts/spring-shred-starter-workout
squat-workout-improved-size-strength,2 Day Squat Workout For Improved Size & Strength,full_workout,fully equipped gym,muscle building,split,both,intermediate,2,8,45-60 minutes,Steve Shaw,2,8,False,True,https://www.muscleandstrength.com/workouts/squat-workout-improved-size-strength
steve-reeves-inspired-workout,Building the Ideal Body: Steve Reeves Inspired Workout Program,program,home / small gym,muscle building,full body,men,intermediate,3,12,60-90 minutes,"Roger \u201cRock\u201d Lockridge, Senior Writer",3,32,False,True,https://www.muscleandstrength.com/workouts/steve-reeves-inspired-workout
steves-titanic-tricep-builder-workout,Steve's Titanic Tricep Builder Workout,focused,home / small gym,muscle building,single muscle group,both,beginner,1,8,30-45 minutes,Steve Shaw,3,17,False,True,https://www.muscleandstrength.com/workouts/steves-titanic-tricep-builder-workout.html
strength-bulk-beginner-workout-linear-progression,Strength And Bulk Beginner Workout - Linear Progression,full_workout,home / small gym,strength,full body,men,beginner,3,10,45-60 minutes,Steve Shaw,3,15,False,True,https://www.muscleandstrength.com/workouts/strength-bulk-beginner-workout-linear-progression
stronger-together-parent-teen-workout,Stronger Together: 8-Week Parent & Teen Workout Program,program,fully equipped gym,muscle building,split,both,beginner,4,8,45-60 minutes,"Roger \u201cRock\u201d Lockridge, Senior Writer",4,20,False,True,https://www.muscleandstrength.com/workouts/stronger-together-parent-teen-workout
summer-shape-up-womens-home-workout,Summer Shape Up at Home: Women's 6 Week Fat-Burning Workout,program,home / small gym,fat loss,split,women,beginner,5,6,30 minutes,"Roger \u201cRock\u201d Lockridge, Senior Writer",5,25,False,True,https://www.muscleandstrength.com/workouts/summer-shape-up-womens-home-workout
tactical-physique-strength-conditioning-workout,The Tactical Physique: A Functional Strength Training & Conditioning Workout,full_workout,home / small gym,general fitness,split,both,intermediate,4,10,60 minutes,Brad Borland,5,45,False,True,https://www.muscleandstrength.com/workouts/tactical-physique-strength-conditioning-workout
the-bear-barbell-complex,The Bear Barbell Complex,full_workout,home / small gym,general fitness,full body,both,intermediate,3,8,15-20 minutes,Thomas Schultz,1,4,False,True,https://www.muscleandstrength.com/workouts/the-bear-barbell-complex.html
the-butt-builder,The Butt Builder Workout: Women's Workout For Bigger Glutes,focused,fully equipped gym,muscle building,single muscle group,both,beginner,1,6,45-60 minutes,Julie Michaelson,1,5,False,True,https://www.muscleandstrength.com/workouts/the-butt-builder.html
the-cardio-free-fat-burning-workout-program,The Cardio-Free Fat Burning Workout Program,full_workout,fully equipped gym,fat loss,full body,both,intermediate,4,3,30-60 minutes,Eric Broser,3,29,False,True,https://www.muscleandstrength.com/workouts/the-cardio-free-fat-burning-workout-program
the-complete-squat-program,The Complete Squat Program: Build Strength & Muscle in 8 Weeks,program,fully equipped gym,strength,split,both,beginner,4,8,45-75 minutes,"Roger \u201cRock\u201d Lockridge, Senior Writer",4,22,False,True,https://www.muscleandstrength.com/workouts/the-complete-squat-program
the-next-step-phase-2-intermediate-workout,The Next Step: Phase 2 of the Intermediate Mass Building Workout,full_workout,fully equipped gym,muscle building,full body,men,intermediate,3,6,60-75 minutes,Team SAN,3,32,False,True,https://www.muscleandstrength.com/workouts/the-next-step-phase-2-intermediate-workout
the-power-pump-routine,The Power Pump Routine,full_workout,fully equipped gym,muscle building,split,both,intermediate,3,6,30-45 minutes,Jim Brewster,3,15,False,True,https://www.muscleandstrength.com/workouts/the-power-pump-routine
the-super-toning-training-routine,The Super Toning Training Routine,full_workout,fully equipped gym,muscle building,split,both,intermediate,5,9,45-60 minutes,Doug Lawrenson,6,27,False,True,https://www.muscleandstrength.com/workouts/the-super-toning-training-routine.html
the-ultimate-bro-split,The Ultimate Bro Split: 12 Weeks to MASS,program,fully equipped gym,muscle building,split,both,intermediate,5,12,45-70 minutes,M&S Team,5,28,False,True,https://www.muscleandstrength.com/workouts/the-ultimate-bro-split
three-30-minute-fat-burning-workouts,Three 30 Minute Fat Burning Weekly Workouts,full_workout,fully equipped gym,fat loss,full body,both,beginner,3,4,30 minutes,Dave Bonollo,3,21,False,True,https://www.muscleandstrength.com/workouts/three-30-minute-fat-burning-workouts
three-muscle-toning-arms-workouts-women,Three Muscle Toning Arm Workouts For Women,focused,fully equipped gym,muscle building,single muscle group,women,beginner,1,12,30-45 minutes,John Gormen,3,12,False,True,https://www.muscleandstrength.com/workouts/three-muscle-toning-arms-workouts-women
total-body-torcher,Total Body Torcher: 8 Week Full Body Fat Loss Workout,program,home / small gym,fat loss,full body,both,beginner,3,8,45 minutes,"Roger \u201cRock\u201d Lockridge, Senior Writer",6,28,False,True,https://www.muscleandstrength.com/workouts/total-body-torcher
total-package-workout,The Total Package: A Full Body Strength & Hypertrophy Workout,full_workout,fully equipped gym,muscle building,full body,both,intermediate,3,8,75-90 minutes,Josh England,3,27,False,True,https://www.muscleandstrength.com/workouts/total-package-workout
upper-lower-4-day-gym-bodybuilding-workout,Upper/Lower 4 Day Bodybuilding Workout,full_workout,fully equipped gym,muscle building,split,both,beginner,4,10,45-60 minutes,Steve Shaw,4,32,False,True,https://www.muscleandstrength.com/workouts/upper-lower-4-day-gym-bodybuilding-workout
upper-lower-bodyweight-split,4 Day Upper/Lower Bodyweight Split Workout,full_workout,home / small gym,general fitness,split,both,beginner,4,,45 minutes,Damon Weinhold,2,14,True,True,https://www.muscleandstrength.com/workouts/upper-lower-bodyweight-split
upper-lower-kettlebell-workout,Upper/Lower (At Home) Kettlebell Workout,full_workout,home / small gym,muscle building,split,both,beginner,4,6,45-60 minutes,Josh England,4,20,False,True,https://www.muscleandstrength.com/workouts/upper-lower-kettlebell-workout
upper-lower-womens-dumbbell-only-workout,4 Day Upper/Lower Women's Dumbbell Only Workout,program,home / small gym,muscle building,split,women,beginner,4,8,20-60 minutes,"Roger \u201cRock\u201d Lockridge, Senior Writer",5,35,False,True,https://www.muscleandstrength.com/workouts/upper-lower-womens-dumbbell-only-workout
women-over-40,10-Week Lean & Strong Program for Women 40+,program,fully equipped gym,muscle building,split,women,beginner,4,10,60-80 minutes,"Roger \u201cRock\u201d Lockridge, Senior Writer",4,20,False,True,https://www.muscleandstrength.com/workouts/women-over-40
womens-fitness-trainer-6-week-fat-loss-workout,Women's Fitness Trainer: 6 Week Women’s Workout for Fat Loss,program,home / small gym,fat loss,full body,women,intermediate,4,6,45-60 minutes,Brad Borland,2,17,False,True,https://www.muscleandstrength.com/workouts/womens-fitness-trainer-6-week-fat-loss-workout
womens-fitness-trainer-6-week-strength-workout,Women’s Fitness Trainer: 6 Week Women's Workout for Strength,program,fully equipped gym,strength,full body,women,beginner,3,6,45-60 minutes,Brad Borland,3,30,False,True,https://www.muscleandstrength.com/workouts/womens-fitness-trainer-6-week-strength-workout
